Time,l_per,l_abs,b_per,b_abs
1764774109,18.7,7972,13.0,3373
1764774113,19.3,8224,13.5,3509
1764774118,20.9,8898,14.8,3861
1764774123,21.0,8959,15.0,3899
1764774109,21.0,8959,15.0,3899
1764774113,21.0,8959,15.0,3899
1764774118,21.0,8959,15.0,3899
1764774123,21.0,8959,15.0,3899
1764774127,21.1,8979,15.1,3919
1764774133,21.1,8979,15.1,3919
1764774134,21.1,8979,15.1,3919
1764774141,21.1,8992,15.1,3924
1764774147,21.1,8992,15.1,3924
1764774148,21.1,9007,15.1,3937
1764774155,21.1,9007,15.1,3937
1764774156,21.1,9007,15.1,3937
1764774157,21.1,9007,15.1,3937
1764774159,21.1,9007,15.1,3937
1764774160,21.1,9007,15.2,3939
1764774161,21.1,9007,15.2,3939
1764774167,21.1,9012,15.2,3942
1764774173,21.1,9012,15.2,3942
1764774179,21.1,9012,15.2,3942
1764774185,21.1,9016,15.2,3947
1764774186,21.1,9016,15.2,3948
1764774187,21.1,9016,15.2,3948
1764774189,21.1,9016,15.2,3948
1764774195,21.1,9016,15.2,3949
1764774196,21.3,9063,15.3,3972
1764774199,21.3,9064,15.3,3973
1764774200,21.3,9064,15.3,3973
1764774201,21.3,9067,15.3,3976
1764774207,21.3,9067,15.3,3976
1764774209,21.3,9067,15.3,3976
1764774214,21.3,9067,15.3,3976
1764774216,21.3,9067,15.3,3976
1764774222,21.3,9070,15.3,3977
1764774228,21.3,9070,15.3,3977
1764774230,21.3,9070,15.3,3977
1764774231,21.3,9070,15.3,3977
1764774238,21.3,9070,15.3,3979
1764774240,21.3,9070,15.3,3979
1764774246,21.3,9070,15.3,3979
1764774247,21.3,9070,15.3,3979
1764774251,21.3,9070,15.3,3979
1764774253,21.3,9071,15.3,3980
1764774255,21.3,9071,15.3,3980
1764774256,21.3,9071,15.3,3980
1764774257,21.3,9071,15.3,3980
1764774263,21.3,9071,15.3,3980
1764774270,21.3,9071,15.3,3980
1764774276,21.3,9073,15.3,3984
1764774277,21.3,9073,15.3,3984
1764774280,21.3,9076,15.3,3986
1764774281,21.3,9076,15.3,3986
1764774282,21.3,9076,15.3,3986
1764774284,21.3,9076,15.3,3986
1764774287,21.3,9080,15.3,3987
1764774293,21.3,9081,15.3,3989
1764774295,21.3,9081,15.3,3989
1764774298,21.3,9081,15.3,3989
1764774300,21.3,9081,15.3,3989
1764774302,21.3,9081,15.3,3989
1764774305,21.3,9081,15.3,3990
1764774307,21.3,9081,15.3,3990
1764774311,21.3,9081,15.3,3990
1764774314,21.3,9081,15.3,3990
1764774323,21.3,9081,15.3,3990
1764774324,21.3,9081,15.3,3990
1764774327,21.3,9085,15.3,3991
1764774329,21.3,9085,15.3,3991
1764774339,21.3,9085,15.3,3991
1764774341,21.3,9085,15.3,3991
1764774344,21.3,9085,15.3,3991
1764774351,21.3,9085,15.3,3991
1764774353,21.3,9085,15.3,3991
1764774354,21.3,9085,15.3,3991
1764774358,21.3,9085,15.3,3991
1764774361,21.3,9085,15.3,3991
1764774366,21.3,9085,15.3,3991
1764774369,21.3,9085,15.3,3991
1764774371,21.3,9085,15.3,3991
1764774372,21.4,9112,15.4,3994
1764774384,21.4,9112,15.4,3994
1764774391,21.4,9112,15.4,3994
1764774397,21.4,9112,15.4,3994
1764774398,21.4,9112,15.4,3994
1764774404,21.4,9112,15.4,3994
1764774408,21.4,9112,15.4,3994
1764774413,21.4,9112,15.4,3994
1764774415,21.4,9118,15.4,3995
1764774418,21.4,9138,15.4,3998
1764774420,21.4,9138,15.4,3998
1764774424,21.4,9138,15.4,3998
1764774425,21.4,9138,15.4,3998
1764774429,21.4,9139,15.4,4000
1764774442,21.4,9139,15.4,4000
1764774444,21.4,9139,15.4,4000
1764774452,21.4,9139,15.4,4000
1764774455,21.4,9139,15.4,4000
1764774461,21.4,9139,15.4,4000
1764774463,21.4,9139,15.4,4000
1764774464,21.4,9139,15.4,4000
1764774467,21.4,9139,15.4,4000
1764774469,21.4,9139,15.4,4000
1764774471,21.4,9139,15.4,4000
1764774473,21.4,9139,15.4,4000
1764774475,21.4,9139,15.4,4000
1764774477,21.4,9139,15.4,4000
1764774478,21.4,9139,15.4,4000
1764774480,21.4,9139,15.4,4000
1764774482,21.4,9139,15.4,4000
1764774483,21.4,9139,15.4,4000
1764774485,21.4,9139,15.4,4000
1764774487,21.4,9139,15.4,4000
1764774488,21.4,9139,15.4,4000
1764774498,21.4,9139,15.4,4000
1764774500,21.4,9139,15.4,4000
1764774502,21.4,9139,15.4,4000
1764774505,21.4,9139,15.4,4000
1764774507,21.4,9139,15.4,4000
1764774508,21.4,9139,15.4,4000
1764774511,21.4,9139,15.4,4000
1764774512,21.4,9139,15.4,4000
1764774515,21.4,9139,15.4,4000
1764774516,21.4,9139,15.4,4001
1764774518,21.4,9139,15.4,4001
1764774520,21.4,9139,15.4,4001
1764774522,21.4,9139,15.4,4001
1764774524,21.4,9139,15.4,4001
1764774526,21.4,9139,15.4,4001
1764774535,21.4,9139,15.4,4001
1764774536,21.4,9139,15.4,4001
1764774537,21.4,9139,15.4,4001
1764774539,21.4,9139,15.4,4001
1764774541,21.4,9139,15.4,4001
1764774542,21.4,9139,15.4,4001
1764774544,21.4,9139,15.4,4001
1764774547,21.4,9139,15.4,4001
1764774548,21.4,9139,15.4,4001
1764774550,21.4,9139,15.4,4001
1764774552,21.4,9139,15.4,4001
1764774554,21.4,9141,15.4,4002
1764774555,21.4,9141,15.4,4002
1764774556,21.4,9141,15.4,4002
1764774557,21.4,9141,15.4,4002
1764774558,21.4,9141,15.4,4002
1764774559,21.4,9141,15.4,4002
1764774561,21.4,9141,15.4,4002
1764774562,21.5,9154,15.4,4011
1764774569,21.5,9154,15.4,4011
1764774570,21.5,9154,15.4,4011
1764774572,21.5,9154,15.4,4011
1764774573,21.5,9154,15.4,4011
1764774576,21.5,9154,15.4,4011
1764774576,21.5,9154,15.4,4011
1764774578,21.5,9154,15.4,4011
1764774586,21.5,9154,15.4,4011
1764774588,21.5,9154,15.4,4012
1764774590,21.5,9154,15.4,4012
1764774592,21.5,9154,15.4,4012
1764774593,21.5,9154,15.4,4012
1764774595,21.5,9154,15.4,4012
1764774596,21.5,9154,15.4,4012
1764774598,21.5,9154,15.4,4012
1764774600,21.5,9154,15.4,4012
1764774606,21.5,9154,15.4,4012
1764774609,21.5,9154,15.4,4012
1764774610,21.5,9154,15.4,4012
1764774611,21.5,9154,15.4,4012
1764774613,21.5,9154,15.4,4012
1764774615,21.5,9154,15.4,4012
1764774617,21.5,9154,15.4,4012
1764774619,21.5,9154,15.4,4012
1764774621,21.5,9154,15.4,4012
1764774623,21.5,9154,15.4,4012
1764774626,21.5,9154,15.4,4012
1764774630,21.5,9154,15.4,4012
1764774632,21.5,9154,15.4,4012
1764774634,21.5,9154,15.4,4012
1764774637,21.5,9154,15.4,4012
1764774639,21.5,9154,15.4,4012
1764774641,21.5,9154,15.4,4012
1764774643,21.5,9154,15.4,4012
1764774646,21.5,9154,15.4,4012
1764774647,21.5,9154,15.4,4012
1764774649,21.5,9154,15.4,4012
1764774652,21.5,9154,15.4,4012
1764774652,21.5,9154,15.4,4012
1764774657,21.5,9154,15.4,4012
1764774658,21.5,9154,15.4,4012
1764774660,21.5,9154,15.4,4012
1764774663,21.5,9154,15.4,4012
1764774666,21.5,9154,15.4,4012
1764774668,21.5,9154,15.4,4012
1764774671,21.5,9154,15.4,4012
1764774674,21.5,9154,15.4,4012
1764774676,21.5,9154,15.4,4012
1764774680,21.5,9154,15.4,4012
1764774681,21.5,9154,15.4,4012
1764774685,21.5,9158,15.4,4014
1764774688,21.5,9158,15.4,4014
1764774691,21.5,9158,15.4,4014
1764774694,21.5,9158,15.4,4014
1764774695,21.5,9158,15.4,4014
1764774698,21.5,9158,15.4,4014
1764774705,21.5,9158,15.4,4014
1764774707,21.5,9158,15.4,4014
1764774708,21.5,9158,15.4,4014
1764774711,21.5,9158,15.4,4014
1764774713,21.5,9158,15.4,4014
1764774724,21.5,9158,15.4,4014
1764774726,21.5,9158,15.4,4014
1764774728,21.5,9158,15.4,4014
1764774731,21.5,9158,15.4,4014
1764774734,21.5,9158,15.4,4014
1764774737,21.5,9158,15.4,4014
1764774740,21.5,9158,15.4,4014
1764774743,21.5,9158,15.4,4014
1764774744,21.5,9158,15.4,4014
1764774745,21.5,9158,15.4,4014
1764774747,21.5,9169,15.4,4016
1764774749,21.5,9169,15.4,4016
1764774751,21.5,9170,15.4,4017
1764774762,21.5,9170,15.4,4017
1764774763,21.5,9170,15.4,4017
1764774765,21.5,9170,15.4,4017
1764774769,21.5,9170,15.4,4017
1764774771,21.5,9170,15.4,4017
1764774785,21.5,9170,15.4,4017
1764774791,21.5,9170,15.4,4017
1764774793,21.5,9170,15.4,4017
1764774795,21.5,9170,15.4,4017
1764774798,21.5,9170,15.4,4017
1764774801,21.5,9170,15.4,4017
1764774804,21.5,9170,15.4,4017
1764774807,21.5,9170,15.4,4017
1764774810,21.5,9170,15.4,4017
1764774813,21.5,9170,15.4,4017
1764774816,21.5,9170,15.5,4018
1764774818,21.5,9170,15.5,4018
1764774820,21.5,9170,15.5,4018
1764774823,21.5,9170,15.5,4018
1764774836,21.5,9170,15.5,4018
1764774839,21.5,9170,15.5,4018
1764774843,21.5,9170,15.5,4018
1764774845,21.5,9170,15.5,4018
1764774848,21.5,9170,15.5,4018
1764774850,21.5,9170,15.5,4018
1764774853,21.5,9170,15.5,4018
1764774855,21.5,9170,15.5,4018
1764774857,21.5,9170,15.5,4018
1764774860,21.5,9170,15.5,4018
1764774862,21.5,9170,15.5,4018
1764774864,21.5,9170,15.5,4018
1764774866,21.5,9170,15.5,4018
1764774868,21.5,9170,15.5,4018
1764774872,21.5,9170,15.5,4018
1764774874,21.5,9170,15.5,4018
1764774877,21.5,9170,15.5,4018
1764774879,21.5,9170,15.5,4018
1764774881,21.5,9170,15.5,4018
1764774882,21.5,9170,15.5,4018
1764774883,21.5,9170,15.5,4018
1764774884,21.5,9170,15.5,4018
1764774886,21.5,9170,15.5,4018
1764774888,21.5,9170,15.5,4018
1764774890,21.5,9170,15.5,4018
1764774898,21.5,9170,15.5,4018
1764774899,21.5,9170,15.5,4018
1764774901,21.5,9170,15.5,4018
1764774903,21.5,9170,15.5,4018
1764774906,21.5,9170,15.5,4018
1764774908,21.5,9170,15.5,4018
1764774910,21.5,9170,15.5,4018
1764774912,21.5,9170,15.5,4018
1764774926,21.5,9170,15.5,4018
1764774931,21.5,9170,15.5,4018
1764774933,21.5,9170,15.5,4018
1764774938,21.5,9170,15.5,4018
1764774942,21.5,9170,15.5,4018
1764774944,21.5,9170,15.5,4018
1764774946,21.5,9170,15.5,4018
1764774949,21.5,9170,15.5,4018
1764774955,21.5,9170,15.5,4018
1764774958,21.5,9178,15.5,4021
1764774960,21.5,9178,15.5,4021
1764774962,21.5,9178,15.5,4021
1764774963,21.5,9178,15.5,4021
1764774965,21.5,9178,15.5,4021
1764774966,21.5,9178,15.5,4021
1764774971,21.5,9178,15.5,4021
1764774973,21.5,9178,15.5,4021
1764774974,21.5,9178,15.5,4021
1764774978,21.5,9178,15.5,4021
1764774984,21.5,9178,15.5,4021
1764774990,21.5,9178,15.5,4021
1764774994,21.5,9178,15.5,4021
1764774996,21.5,9178,15.5,4021
1764774998,21.5,9183,15.5,4023
1764775003,21.5,9183,15.5,4023
1764775006,21.5,9183,15.5,4023
1764775011,21.5,9183,15.5,4023
1764775014,21.5,9183,15.5,4023
1764775016,21.5,9183,15.5,4023
1764775017,21.5,9183,15.5,4023
1764775019,21.5,9183,15.5,4023
1764775025,21.5,9183,15.5,4023
1764775029,21.5,9183,15.5,4023
1764775032,21.5,9183,15.5,4023
1764775035,21.5,9183,15.5,4023
1764775037,21.5,9183,15.5,4023
1764775039,21.5,9183,15.5,4023
1764775042,21.5,9183,15.5,4023
1764775048,21.5,9183,15.5,4023
1764775051,21.5,9183,15.5,4023
1764775056,21.5,9183,15.5,4023
1764775062,21.5,9183,15.5,4023
1764775064,21.6,9195,15.5,4029
1764775068,21.6,9195,15.5,4029
1764775071,21.6,9205,15.5,4038
1764775074,21.6,9205,15.5,4038
1764775077,21.6,9205,15.5,4038
1764775080,21.6,9205,15.5,4038
1764775084,21.6,9205,15.5,4038
1764775085,21.6,9205,15.5,4038
1764775086,21.6,9205,15.5,4038
1764775089,21.6,9205,15.5,4038
1764775099,21.6,9205,15.5,4038
1764775101,21.6,9205,15.5,4038
1764775104,21.6,9205,15.5,4038
1764775106,21.6,9205,15.5,4038
1764775109,21.6,9205,15.5,4038
1764775111,21.6,9205,15.5,4038
1764775115,21.6,9205,15.5,4038
1764775118,21.6,9205,15.5,4038
1764775121,21.6,9205,15.5,4038
1764775123,21.6,9205,15.5,4038
1764775127,21.6,9205,15.5,4038
1764775130,21.6,9205,15.5,4038
1764775134,21.6,9205,15.5,4038
1764775137,21.6,9205,15.5,4038
1764775139,21.6,9205,15.5,4038
1764775143,21.6,9205,15.5,4038
1764775147,21.6,9205,15.5,4038
1764775150,21.6,9205,15.5,4038
1764775154,21.6,9205,15.5,4038
1764775157,21.6,9205,15.5,4038
1764775168,21.6,9205,15.5,4038
1764775175,21.6,9205,15.5,4038
1764775179,21.6,9205,15.5,4038
1764775182,21.6,9205,15.5,4038
1764775184,21.6,9205,15.5,4038
1764775192,21.6,9205,15.5,4038
1764775198,21.6,9205,15.5,4038
1764775205,21.6,9205,15.5,4038
1764775212,21.6,9205,15.5,4038
1764775225,21.6,9205,15.5,4038
1764775232,21.6,9205,15.5,4038
1764775241,21.6,9205,15.5,4038
1764775244,21.6,9205,15.5,4038
1764775263,21.6,9205,15.5,4038
1764775279,21.6,9205,15.5,4038
1764775282,21.6,9205,15.5,4038
1764775286,21.6,9205,15.5,4038
1764775291,21.6,9205,15.5,4038
1764775294,21.6,9205,15.5,4038
1764775297,21.6,9205,15.5,4038
1764775299,21.6,9205,15.5,4038
1764775301,21.6,9205,15.5,4038
1764775304,21.6,9205,15.5,4038
1764775308,21.6,9205,15.5,4038
1764775313,21.6,9205,15.5,4038
1764775320,21.6,9205,15.5,4038
1764775324,21.6,9205,15.5,4038
1764775336,21.6,9205,15.5,4038
1764775339,21.6,9205,15.5,4038
1764775345,21.6,9205,15.5,4038
1764775350,21.6,9205,15.5,4038
1764775356,21.6,9205,15.5,4038
1764775358,21.6,9205,15.5,4038
1764775376,21.6,9205,15.5,4038
1764775389,21.6,9205,15.5,4038
1764775401,21.6,9205,15.5,4038
1764775414,21.6,9205,15.5,4038
1764775417,21.6,9205,15.5,4038
1764775421,21.6,9205,15.5,4038
1764775424,21.6,9205,15.5,4038
1764775426,21.6,9205,15.5,4038
1764775430,21.6,9205,15.5,4038
1764775438,21.6,9205,15.5,4038
1764775444,21.6,9205,15.5,4038
1764775448,21.6,9205,15.5,4038
1764775465,21.6,9205,15.5,4038
1764775469,21.6,9205,15.5,4038
1764775476,21.6,9205,15.5,4038
1764775481,21.6,9205,15.5,4038
1764775485,21.6,9205,15.5,4038
1764775488,21.6,9205,15.5,4038
1764775490,21.6,9205,15.5,4038
1764775495,21.6,9205,15.5,4038
1764775497,21.6,9205,15.5,4038
1764775500,21.6,9205,15.5,4038
1764775503,21.6,9205,15.5,4038
1764775506,21.6,9205,15.5,4038
1764775508,21.6,9205,15.5,4038
1764775511,21.6,9205,15.5,4038
1764775514,21.6,9205,15.5,4038
1764775520,21.6,9205,15.5,4038
1764775532,21.6,9205,15.5,4038
1764775540,21.6,9205,15.5,4038
1764775544,21.6,9205,15.5,4038
1764775547,21.6,9205,15.5,4038
1764775551,21.6,9205,15.5,4038
1764775554,21.6,9205,15.5,4038
1764775557,21.6,9205,15.5,4038
1764775567,21.6,9205,15.5,4038
1764775571,21.6,9205,15.5,4038
1764775574,21.6,9205,15.5,4038
1764775578,21.6,9205,15.5,4038
1764775584,21.6,9205,15.5,4038
1764775594,21.6,9205,15.5,4038
1764775597,21.6,9205,15.5,4038
1764775601,21.6,9205,15.5,4038
1764775606,21.6,9205,15.5,4038
1764775612,21.6,9205,15.5,4038
1764775630,21.6,9205,15.5,4038
1764775644,21.6,9205,15.5,4038
1764775650,21.6,9205,15.5,4038
1764775684,21.6,9205,15.5,4038
1764775689,21.6,9205,15.5,4038
1764775695,21.6,9208,15.5,4039
1764775700,21.6,9208,15.5,4039
1764775702,21.6,9208,15.5,4039
1764775707,21.6,9208,15.5,4039
1764775720,21.6,9208,15.5,4039
1764775732,21.6,9208,15.5,4039
1764775741,21.6,9208,15.5,4039
1764775755,21.6,9208,15.5,4039
1764775764,21.6,9208,15.5,4039
1764775767,21.6,9208,15.5,4040
1764775780,21.6,9208,15.5,4040
1764775786,21.6,9208,15.5,4040
1764775799,21.6,9222,15.6,4051
1764775801,21.6,9222,15.6,4051
1764775823,21.6,9222,15.6,4051
1764775828,21.6,9222,15.6,4051
1764775834,21.6,9222,15.6,4051
1764775852,21.6,9222,15.6,4051
1764775867,21.6,9222,15.6,4051
1764775872,21.6,9222,15.6,4051
1764775878,21.6,9222,15.6,4051
1764775882,21.6,9222,15.6,4051
1764775892,21.6,9222,15.6,4051
1764775899,21.6,9222,15.6,4051
1764775913,21.6,9222,15.6,4051
1764775919,21.6,9222,15.6,4051
1764775926,21.6,9222,15.6,4051
1764775934,21.6,9222,15.6,4051
1764775942,21.6,9222,15.6,4051
1764775946,21.6,9222,15.6,4051
1764775959,21.6,9222,15.6,4051
1764775962,21.6,9222,15.6,4051
1764775977,21.6,9222,15.6,4051
1764775989,21.6,9222,15.6,4051
1764776008,21.6,9222,15.6,4051
1764776026,21.6,9222,15.6,4051
1764776028,21.6,9222,15.6,4051
1764776032,21.6,9222,15.6,4051
1764776035,21.6,9222,15.6,4051
1764776040,21.6,9222,15.6,4051
1764776043,21.6,9222,15.6,4051
1764776057,21.6,9222,15.6,4051
1764776065,21.6,9222,15.6,4051
1764776074,21.6,9222,15.6,4051
1764776088,21.6,9222,15.6,4051
1764776099,21.6,9222,15.6,4051
1764776122,21.6,9222,15.6,4051
1764776125,21.6,9222,15.6,4051
1764776129,21.6,9222,15.6,4051
1764776131,21.6,9222,15.6,4051
1764776135,21.6,9222,15.6,4051
1764776148,21.6,9222,15.6,4051
1764776152,21.6,9222,15.6,4051
1764776163,21.6,9222,15.6,4051
1764776167,21.6,9222,15.6,4051
1764776174,21.7,9239,15.6,4062
1764776177,21.7,9239,15.6,4062
1764776181,21.7,9239,15.6,4062
1764776186,21.7,9239,15.6,4062
1764776192,21.7,9239,15.6,4062
1764776196,21.7,9239,15.6,4062
1764776200,21.7,9239,15.6,4062
1764776207,21.7,9239,15.6,4062
1764776211,21.7,9239,15.6,4062
1764776220,21.7,9239,15.6,4062
1764776236,21.7,9241,15.6,4063
1764776241,21.7,9241,15.6,4063
1764776244,21.7,9241,15.6,4063
1764776256,21.7,9241,15.6,4063
1764776290,21.7,9241,15.6,4063
1764776295,21.7,9241,15.6,4063
1764776311,21.7,9241,15.6,4063
1764776326,21.7,9241,15.6,4063
1764776329,21.7,9241,15.6,4063
1764776332,21.7,9241,15.6,4063
1764776334,21.7,9241,15.6,4063
1764776337,21.7,9241,15.6,4063
1764776339,21.7,9241,15.6,4063
1764776342,21.7,9241,15.6,4063
1764776345,21.7,9241,15.6,4063
1764776347,21.7,9241,15.6,4063
1764776351,21.7,9241,15.6,4063
1764776354,21.7,9241,15.6,4063
1764776357,21.7,9241,15.6,4063
1764776362,21.7,9241,15.6,4063
1764776366,21.7,9241,15.6,4063
1764776369,21.7,9241,15.6,4063
1764776374,21.7,9241,15.6,4063
1764776378,21.7,9241,15.6,4063
1764776382,21.7,9241,15.6,4063
1764776385,21.7,9241,15.6,4063
1764776388,21.7,9241,15.6,4063
1764776393,21.7,9241,15.6,4063
1764776396,21.7,9241,15.6,4063
1764776400,21.7,9241,15.6,4063
1764776402,21.7,9241,15.6,4063
1764776406,21.7,9241,15.6,4063
1764776409,21.7,9241,15.6,4063
1764776413,21.7,9241,15.6,4063
1764776415,21.7,9241,15.6,4063
1764776417,21.7,9241,15.6,4063
1764776422,21.7,9241,15.6,4063
1764776442,21.7,9241,15.6,4063
1764776455,21.7,9241,15.6,4063
1764776468,21.7,9241,15.6,4063
1764776474,21.7,9241,15.6,4063
1764776479,21.7,9241,15.6,4063
1764776488,21.7,9241,15.6,4063
1764776492,21.7,9241,15.6,4063
1764776522,21.7,9241,15.6,4063
1764776540,21.7,9241,15.6,4063
1764776545,21.7,9241,15.6,4063
1764776552,21.7,9241,15.6,4063
1764776555,21.7,9241,15.6,4063
1764776573,21.7,9241,15.6,4063
1764776585,21.7,9260,15.7,4077
1764776586,21.7,9260,15.7,4077
1764776589,21.7,9260,15.7,4077
1764776590,21.7,9260,15.7,4077
1764776595,21.7,9260,15.7,4077
1764776596,21.7,9260,15.7,4077
1764776597,21.7,9260,15.7,4077
1764776601,21.7,9260,15.7,4077
1764776606,21.7,9260,15.7,4077
1764776619,21.7,9260,15.7,4077
1764776627,21.7,9260,15.7,4077
1764776635,21.7,9260,15.7,4077
1764776654,21.7,9260,15.7,4077
1764776656,21.7,9260,15.7,4077
1764776664,21.7,9260,15.7,4077
1764776673,21.7,9260,15.7,4077
1764776686,21.7,9261,15.7,4078
1764776688,21.7,9261,15.7,4078
1764776692,21.7,9261,15.7,4078
1764776700,21.7,9261,15.7,4078
1764776706,21.7,9261,15.7,4078
1764776716,21.7,9261,15.7,4078
1764776719,21.7,9261,15.7,4078
1764776736,21.7,9261,15.7,4078
1764776740,21.7,9261,15.7,4078
1764776751,21.7,9261,15.7,4078
1764776759,21.7,9261,15.7,4078
1764776761,21.7,9261,15.7,4078
1764776773,21.7,9261,15.7,4078
1764776778,21.7,9261,15.7,4078
1764776793,21.7,9261,15.7,4078
1764776796,21.7,9261,15.7,4078
1764776800,21.7,9261,15.7,4078
1764776803,21.7,9261,15.7,4078
1764776806,21.7,9261,15.7,4078
1764776809,21.7,9261,15.7,4078
1764776811,21.7,9261,15.7,4078
1764776814,21.7,9261,15.7,4078
1764776817,21.7,9269,15.7,4080
1764776821,21.7,9269,15.7,4080
1764776823,21.7,9269,15.7,4080
1764776830,21.7,9269,15.7,4080
1764776839,21.7,9269,15.7,4080
1764776847,22.6,9638,16.5,4293
1764776857,22.6,9638,16.5,4293
1764776864,22.6,9644,16.5,4294
1764776867,22.6,9644,16.5,4294
1764776879,22.6,9644,16.5,4294
1764776881,22.6,9644,16.5,4294
1764776893,22.6,9644,16.5,4294
1764776896,22.6,9644,16.5,4295
1764776909,22.6,9646,16.5,4297
1764776911,22.6,9646,16.5,4297
1764776917,22.6,9646,16.5,4297
1764776921,22.6,9646,16.5,4297
1764776934,22.6,9649,16.5,4298
1764776938,22.6,9649,16.5,4298
1764776944,22.6,9649,16.5,4298
1764776948,22.7,9675,16.6,4308
1764776951,22.7,9675,16.6,4308
1764776959,22.7,9675,16.6,4308
1764776972,22.7,9675,16.6,4308
1764776975,22.7,9675,16.6,4308
1764776979,22.7,9675,16.6,4308
1764776987,22.7,9675,16.6,4308
1764777000,22.7,9675,16.6,4308
1764777003,22.7,9675,16.6,4308
1764777008,22.7,9675,16.6,4308
1764777010,22.7,9676,16.6,4309
1764777021,22.7,9676,16.6,4309
1764777027,22.7,9676,16.6,4309
1764777053,22.7,9676,16.6,4309
1764777057,22.7,9676,16.6,4309
1764777061,22.7,9676,16.6,4309
1764777072,22.7,9676,16.6,4309
1764777078,22.7,9676,16.6,4309
1764777085,22.7,9676,16.6,4309
1764777087,22.7,9676,16.6,4309
1764777094,22.7,9676,16.6,4309
1764777103,22.7,9676,16.6,4309
1764777105,22.7,9676,16.6,4309
1764777108,22.7,9676,16.6,4309
1764777114,22.7,9676,16.6,4309
1764777124,22.7,9676,16.6,4309
1764777130,22.7,9676,16.6,4309
1764777137,22.7,9676,16.6,4309
1764777140,22.7,9676,16.6,4309
1764777144,22.7,9676,16.6,4309
1764777147,22.7,9676,16.6,4309
1764777149,22.7,9676,16.6,4309
1764777152,22.7,9676,16.6,4309
1764777155,22.7,9676,16.6,4309
1764777158,22.7,9676,16.6,4309
1764777160,22.7,9676,16.6,4309
1764777165,22.7,9676,16.6,4309
1764777172,22.7,9676,16.6,4309
1764777175,22.7,9676,16.6,4309
1764777179,22.7,9676,16.6,4309
1764777197,22.7,9676,16.6,4309
1764777199,22.7,9676,16.6,4309
1764777202,22.7,9676,16.6,4309
1764777204,22.7,9676,16.6,4309
1764777207,22.7,9676,16.6,4309
1764777211,22.7,9676,16.6,4309
1764777214,22.7,9676,16.6,4309
1764777216,22.7,9676,16.6,4309
1764777220,22.7,9676,16.6,4309
1764777224,22.7,9676,16.6,4309
1764777226,22.7,9676,16.6,4309
1764777232,22.7,9676,16.6,4309
1764777235,22.7,9676,16.6,4309
1764777244,22.7,9676,16.6,4309
1764777248,22.7,9676,16.6,4309
1764777255,22.7,9676,16.6,4309
1764777265,22.7,9676,16.6,4309
1764777267,22.7,9676,16.6,4309
1764777287,22.7,9676,16.6,4309
1764777291,22.7,9676,16.6,4309
1764777311,22.7,9676,16.6,4309
1764777324,22.7,9684,16.6,4311
1764777328,22.7,9684,16.6,4311
1764777336,22.7,9684,16.6,4311
1764777340,22.7,9684,16.6,4311
1764777360,22.7,9684,16.6,4311
1764777368,22.7,9684,16.6,4311
1764777381,22.7,9684,16.6,4311
1764777382,22.7,9684,16.6,4311
1764777385,22.7,9684,16.6,4311
1764777389,22.7,9686,16.6,4315
1764777410,22.7,9686,16.6,4315
1764777416,22.7,9686,16.6,4315
1764777423,22.7,9686,16.6,4315
1764777441,22.7,9686,16.6,4315
1764777450,22.7,9686,16.6,4315
1764777453,22.7,9686,16.6,4315
1764777475,22.7,9686,16.6,4316
1764777516,22.7,9686,16.6,4316
1764777518,22.7,9686,16.6,4316
1764777524,22.7,9686,16.6,4316
1764777528,22.7,9686,16.6,4316
1764777537,22.7,9686,16.6,4316
1764777550,22.7,9686,16.6,4316
1764777552,22.8,9729,16.7,4333
1764777565,22.8,9738,16.7,4335
1764777567,22.8,9738,16.7,4335
1764777578,22.9,9744,16.7,4337
1764777582,22.9,9744,16.7,4337
1764777584,22.9,9744,16.7,4337
1764777604,22.9,9746,16.7,4338
1764777612,22.9,9746,16.7,4338
1764777615,22.9,9747,16.7,4339
1764777617,22.9,9747,16.7,4339
1764777634,22.9,9747,16.7,4339
1764777649,22.9,9747,16.7,4339
1764777665,22.9,9781,16.7,4354
1764777670,23.1,9865,16.9,4394
1764777683,23.1,9865,16.9,4395
1764777696,23.1,9869,16.9,4396
1764777702,23.1,9869,16.9,4396
1764777709,23.1,9869,16.9,4396
1764777712,23.2,9874,16.9,4397
1764777714,23.2,9874,16.9,4397
1764777717,23.2,9874,16.9,4397
1764777721,23.2,9874,16.9,4397
1764777723,23.2,9889,17.0,4408
1764777726,23.2,9889,17.0,4408
1764777733,23.2,9889,17.0,4409
1764777736,23.2,9898,17.0,4412
1764777740,23.2,9898,17.0,4412
1764777743,23.2,9899,17.0,4414
1764777745,23.2,9899,17.0,4414
1764777747,23.2,9900,17.0,4415
1764777749,23.2,9903,17.0,4419
1764777756,23.2,9903,17.0,4420
1764777758,23.3,9919,17.0,4430
1764777760,23.3,9919,17.0,4430
1764777765,23.3,9927,17.1,4436
1764777770,23.3,9927,17.1,4436
1764777771,23.3,9927,17.1,4436
1764777775,23.3,9927,17.1,4436
1764777777,23.3,9930,17.1,4438
1764777784,23.3,9952,17.2,4462
1764777790,23.4,9969,17.2,4475
1764777803,23.4,9969,17.2,4475
1764777805,23.4,9976,17.2,4476
1764777812,23.4,9976,17.2,4476
1764777817,23.4,9980,17.2,4481
1764777824,23.4,9980,17.2,4481
1764777834,23.4,9980,17.2,4481
1764777838,23.4,9980,17.2,4481
1764777842,23.4,9980,17.2,4481
1764777849,23.4,9980,17.2,4481
1764777869,23.4,9980,17.2,4481
1764777884,23.4,9980,17.2,4481
1764777889,23.4,9980,17.2,4481
1764777894,23.4,9980,17.2,4481
1764777919,23.4,9980,17.2,4481
1764777942,23.4,9980,17.2,4481
1764777957,23.4,9980,17.2,4481
1764777962,23.4,9980,17.2,4481
1764777977,23.4,9980,17.2,4481
1764778030,23.4,9980,17.2,4481
1764778034,23.4,9980,17.2,4481
1764778048,23.4,9980,17.2,4481
1764778056,23.4,9980,17.2,4481
1764778136,23.4,9980,17.2,4481
1764778141,23.4,9980,17.2,4481
1764778146,23.4,9980,17.2,4481
1764778157,23.4,9980,17.2,4481
1764778189,23.4,9980,17.2,4481
1764778261,23.4,9980,17.2,4481
1764778289,23.4,9982,17.2,4484
1764778294,23.4,9982,17.2,4484
1764778299,23.4,9982,17.2,4484
1764778300,23.4,9982,17.2,4484
1764778308,23.4,9982,17.2,4484
1764778317,23.4,9982,17.2,4484
1764778323,23.4,9982,17.2,4484
1764778329,23.4,9982,17.2,4485
1764778334,23.4,9982,17.2,4485
1764778340,23.4,9982,17.2,4485
1764778346,23.4,9982,17.2,4485
1764778352,23.4,9982,17.2,4485
1764778362,23.4,9982,17.2,4485
1764778371,23.4,9982,17.2,4485
1764778377,23.4,9982,17.2,4485
1764778378,23.4,9982,17.2,4485
1764778391,23.4,9982,17.2,4485
1764778399,23.4,9982,17.2,4485
1764778404,23.4,9982,17.2,4485
1764778409,23.4,9982,17.2,4485
1764778423,23.4,9982,17.2,4485
1764778430,23.4,9982,17.2,4485
1764778435,23.4,9982,17.2,4485
1764778438,23.4,9982,17.2,4485
1764778445,23.4,9982,17.2,4485
1764778464,23.4,9982,17.2,4485
1764778472,23.4,9982,17.2,4485
1764778481,23.4,9982,17.2,4485
1764778490,23.4,9982,17.2,4485
1764778500,23.4,9982,17.2,4485
1764778514,23.4,9982,17.2,4485
1764778519,23.4,9982,17.2,4485
1764778528,23.4,9982,17.2,4485
1764778549,23.4,9982,17.2,4485
1764778565,23.4,9982,17.2,4485
1764778583,23.4,9982,17.2,4485
1764778586,23.4,9982,17.2,4485
1764778590,23.4,9982,17.2,4485
1764778593,23.4,9982,17.2,4485
1764778598,23.4,9982,17.2,4485
1764778600,23.4,9982,17.2,4485
1764778603,23.4,9982,17.2,4485
1764778609,23.4,9982,17.2,4485
1764778611,23.4,9982,17.2,4485
1764778614,23.4,9982,17.2,4485
1764778617,23.4,9982,17.2,4485
1764778621,23.4,9982,17.2,4485
1764778626,23.4,9982,17.2,4485
1764778630,23.4,9982,17.2,4485
1764778640,23.4,9982,17.2,4485
1764778649,23.4,9982,17.2,4485
1764778654,23.4,9982,17.2,4485
1764778656,23.4,9982,17.2,4485
1764778662,23.4,9982,17.2,4485
1764778668,23.4,9982,17.2,4485
1764778675,23.4,9982,17.2,4485
1764778680,23.4,9982,17.2,4485
1764778687,23.4,9982,17.2,4485
1764778697,23.4,9982,17.2,4485
1764778711,23.4,9982,17.2,4485
1764778717,23.4,9982,17.2,4485
1764778725,23.4,9982,17.3,4486
1764778731,23.4,9982,17.3,4486
1764778736,23.4,9982,17.3,4486
1764778747,23.4,9982,17.3,4486
1764778754,23.4,9982,17.3,4486
1764778762,23.4,9982,17.3,4486
1764778767,23.4,9982,17.3,4486
1764778780,23.4,9982,17.3,4486
1764778793,23.4,9982,17.3,4486
1764778809,23.4,9982,17.3,4486
1764778823,23.4,9982,17.3,4486
1764778834,23.4,9982,17.3,4486
1764778837,23.4,9982,17.3,4486
1764778847,23.4,9982,17.3,4486
1764778850,23.4,9982,17.3,4486
1764778862,23.4,9982,17.3,4486
1764778865,23.4,9982,17.3,4486
1764778868,23.4,9982,17.3,4486
1764778872,23.4,9982,17.3,4486
1764778875,23.4,9982,17.3,4486
1764778879,23.4,9982,17.3,4486
1764778887,23.4,9982,17.3,4486
1764778890,23.4,9982,17.3,4486
1764778893,23.4,9982,17.3,4486
1764778896,23.4,9982,17.3,4486
1764778899,23.4,9982,17.3,4486
1764778903,23.4,9982,17.3,4486
1764778908,23.4,9982,17.3,4486
1764778912,23.4,9982,17.3,4486
1764778916,23.4,9982,17.3,4486
1764778919,23.4,9982,17.3,4486
1764778931,23.4,9982,17.3,4486
1764778934,23.4,9982,17.3,4486
1764778944,23.4,9982,17.3,4486
1764778948,23.4,9982,17.3,4486
1764778950,23.4,9982,17.3,4486
1764778962,23.4,9982,17.3,4486
1764778973,23.4,9982,17.3,4486
1764778977,23.4,9982,17.3,4486
1764778986,23.4,9982,17.3,4486
1764778992,23.4,9982,17.3,4486
1764779003,23.4,9982,17.3,4486
1764779015,23.4,9982,17.3,4486
1764779044,23.4,9982,17.3,4486
1764779058,23.4,9982,17.3,4486
1764779078,23.4,9982,17.3,4486
1764779086,23.4,9998,17.3,4494
1764779091,23.4,9998,17.3,4494
1764779115,23.4,9998,17.3,4494
1764779119,23.4,9998,17.3,4494
1764779123,23.4,9998,17.3,4494
1764779130,23.4,9998,17.3,4494
1764779134,23.4,9998,17.3,4494
1764779149,23.4,9998,17.3,4494
1764779152,23.4,9998,17.3,4494
1764779162,23.4,9998,17.3,4494
1764779173,23.4,9998,17.3,4494
1764779179,23.4,9998,17.3,4494
1764779183,23.4,9998,17.3,4494
1764779205,23.4,9998,17.3,4494
1764779210,23.4,9998,17.3,4494
1764779226,23.4,9998,17.3,4494
1764779243,23.4,9998,17.3,4494
1764779253,23.4,9998,17.3,4494
1764779257,23.4,9998,17.3,4494
1764779264,23.4,9998,17.3,4494
1764779284,23.4,9998,17.3,4494
1764779295,23.4,9998,17.3,4494
1764779304,23.4,9998,17.3,4494
1764779308,23.4,9998,17.3,4494
1764779323,23.4,9998,17.3,4494
1764779328,23.4,9998,17.3,4494
1764779331,23.4,9998,17.3,4494
1764779341,23.4,9998,17.3,4494
1764779386,23.4,9998,17.3,4494
1764779390,23.4,9998,17.3,4494
1764779393,23.4,9998,17.3,4494
1764779397,23.4,9998,17.3,4494
1764779401,23.4,9998,17.3,4494
1764779405,23.4,9998,17.3,4494
1764779409,23.4,9998,17.3,4494
1764779414,23.4,9998,17.3,4494
1764779417,23.4,9998,17.3,4494
1764779426,23.4,9998,17.3,4494
1764779435,23.4,9998,17.3,4494
1764779440,23.4,9998,17.3,4494
1764779444,23.4,9998,17.3,4494
1764779455,23.4,9998,17.3,4494
1764779460,23.4,9998,17.3,4494
1764779465,23.4,9998,17.3,4494
1764779470,23.4,9998,17.3,4494
1764779485,23.4,9998,17.3,4494
1764779490,23.4,9998,17.3,4494
1764779496,23.4,9998,17.3,4494
1764779516,23.4,9998,17.3,4494
1764779521,23.4,9998,17.3,4494
1764779527,23.4,9998,17.3,4494
1764779534,23.4,9998,17.3,4494
1764779540,23.4,9998,17.3,4494
1764779563,23.4,9998,17.3,4494
1764779570,23.4,9998,17.3,4494
1764779579,23.4,9998,17.3,4494
1764779582,23.4,9998,17.3,4494
1764779595,23.4,9998,17.3,4494
1764779621,23.4,9998,17.3,4494
1764779625,23.4,9998,17.3,4494
1764779640,23.4,9998,17.3,4494
1764779646,23.4,9998,17.3,4494
1764779653,23.4,9998,17.3,4494
1764779664,23.5,10002,17.3,4495
1764779670,23.5,10002,17.3,4495
1764779676,23.5,10002,17.3,4495
1764779688,23.5,10002,17.3,4495
1764779695,23.5,10002,17.3,4495
1764779699,23.5,10002,17.3,4495
1764779705,23.5,10002,17.3,4495
1764779713,23.5,10002,17.3,4495
1764779718,23.5,10002,17.3,4495
1764779723,23.5,10002,17.3,4495
1764779728,23.5,10002,17.3,4495
1764779731,23.5,10002,17.3,4495
1764779735,23.5,10002,17.3,4495
1764779745,23.5,10002,17.3,4495
1764779750,23.5,10002,17.3,4495
1764779770,23.5,10002,17.3,4495
1764779776,23.5,10002,17.3,4495
1764779780,23.5,10002,17.3,4495
1764779785,23.5,10002,17.3,4495
1764779791,23.5,10002,17.3,4495
1764779799,23.5,10002,17.3,4495
1764779807,23.5,10002,17.3,4495
1764779817,23.5,10002,17.3,4495
1764779820,23.5,10002,17.3,4495
1764779825,23.5,10002,17.3,4495
1764779834,23.5,10002,17.3,4495
1764779843,23.5,10002,17.3,4495
1764779861,23.5,10002,17.3,4495
1764779866,23.5,10002,17.3,4495
1764779870,23.5,10002,17.3,4495
1764779884,23.5,10002,17.3,4495
1764779891,23.5,10002,17.3,4495
1764779903,23.5,10002,17.3,4495
1764779907,23.5,10002,17.3,4495
1764779933,23.5,10002,17.3,4495
1764779944,23.5,10002,17.3,4495
1764779957,23.5,10002,17.3,4495
1764779976,23.5,10002,17.3,4495
1764779990,23.5,10002,17.3,4495
1764780003,23.5,10002,17.3,4495
1764780015,23.5,10002,17.3,4495
1764780027,23.5,10002,17.3,4495
1764780037,23.5,10002,17.3,4495
1764780043,23.5,10002,17.3,4495
1764780052,23.5,10002,17.3,4495
1764780064,23.5,10002,17.3,4495
1764780068,23.5,10002,17.3,4495
1764780095,23.5,10002,17.3,4495
1764780114,23.5,10002,17.3,4495
1764780119,23.5,10002,17.3,4495
1764780132,23.5,10002,17.3,4495
1764780141,23.5,10002,17.3,4495
1764780161,23.5,10002,17.3,4495
1764780176,23.5,10002,17.3,4495
1764780188,23.5,10002,17.3,4495
1764780196,23.5,10002,17.3,4495
1764780212,23.5,10002,17.3,4495
1764780220,23.5,10002,17.3,4495
1764780222,23.5,10002,17.3,4495
1764780225,23.5,10002,17.3,4495
1764780229,23.5,10002,17.3,4495
1764780236,23.5,10002,17.3,4495
1764780241,23.5,10002,17.3,4495
1764780248,23.5,10002,17.3,4495
1764780251,23.5,10002,17.3,4495
1764780257,23.5,10002,17.3,4495
1764780266,23.5,10002,17.3,4495
1764780269,23.5,10002,17.3,4495
1764780273,23.5,10002,17.3,4495
1764780280,23.5,10002,17.3,4495
1764780286,23.5,10002,17.3,4495
1764780315,23.5,10002,17.3,4495
1764780329,23.5,10002,17.3,4495
1764780375,23.5,10002,17.3,4495
1764780392,23.5,10002,17.3,4495
1764780413,23.5,10002,17.3,4495
1764780425,23.5,10002,17.3,4495
1764780442,23.5,10002,17.3,4495
1764780471,23.5,10002,17.3,4495
1764780490,23.5,10002,17.3,4495
1764780500,23.5,10002,17.3,4495
1764780507,23.5,10002,17.3,4495
1764780526,23.5,10002,17.3,4495
1764780577,23.5,10002,17.3,4495
1764780596,23.5,10002,17.3,4495
1764780616,23.5,10007,17.3,4496
1764780639,23.5,10007,17.3,4496
1764780652,23.5,10007,17.3,4496
1764780659,23.5,10007,17.3,4496
1764780663,23.5,10007,17.3,4496
1764780674,23.5,10007,17.3,4496
1764780686,23.5,10007,17.3,4496
1764780693,23.5,10007,17.3,4496
1764780700,23.5,10007,17.3,4496
1764780718,23.5,10007,17.3,4496
1764780744,23.5,10007,17.3,4496
1764780774,23.5,10007,17.3,4496
1764780790,23.5,10007,17.3,4496
1764780795,23.5,10007,17.3,4496
1764780805,23.5,10014,17.3,4497
1764780813,23.5,10014,17.3,4497
1764780847,23.5,10014,17.3,4497
1764780865,23.5,10014,17.3,4497
1764780872,23.5,10014,17.3,4497
1764780879,23.5,10014,17.3,4497
1764780885,23.5,10014,17.3,4497
1764780889,23.5,10014,17.3,4497
1764780893,23.5,10014,17.3,4497
1764780899,23.5,10014,17.3,4497
1764780914,23.5,10014,17.3,4497
1764780918,23.5,10014,17.3,4497
1764780925,23.5,10014,17.3,4497
1764780932,23.5,10014,17.3,4497
1764780935,23.5,10014,17.3,4497
1764780944,23.5,10014,17.3,4497
1764780948,23.5,10014,17.3,4497
1764780953,23.5,10014,17.3,4497
1764780957,23.5,10014,17.3,4497
1764780962,23.5,10014,17.3,4497
1764780965,23.5,10014,17.3,4497
1764780972,23.5,10014,17.3,4497
1764780979,23.5,10014,17.3,4497
1764780988,23.5,10014,17.3,4497
1764780993,23.5,10014,17.3,4497
1764781006,23.5,10014,17.3,4497
1764781009,23.5,10014,17.3,4497
1764781019,23.5,10014,17.3,4497
1764781038,23.5,10014,17.3,4497
1764781047,23.5,10014,17.3,4497
1764781062,23.5,10014,17.3,4497
1764781069,23.5,10014,17.3,4497
1764781073,23.5,10014,17.3,4497
1764781080,23.5,10014,17.3,4497
1764781096,23.5,10014,17.3,4497
1764781099,23.5,10014,17.3,4497
1764781106,23.5,10014,17.3,4497
1764781136,23.5,10014,17.3,4497
1764781210,23.5,10014,17.3,4497
1764781280,23.5,10014,17.3,4497
1764781287,23.5,10014,17.3,4497
1764781310,23.5,10014,17.3,4497
1764781318,23.5,10014,17.3,4497
1764781333,23.5,10014,17.3,4497
1764781360,23.5,10014,17.3,4497
1764781365,23.5,10014,17.3,4497
1764781371,23.5,10014,17.3,4497
1764781378,23.5,10014,17.3,4497
1764781392,23.5,10014,17.3,4497
1764781412,23.5,10014,17.3,4497
1764781422,23.5,10014,17.3,4497
1764781443,23.5,10014,17.3,4497
1764781449,23.5,10014,17.3,4497
1764781461,23.5,10014,17.3,4497
1764781467,23.5,10014,17.3,4497
1764781472,23.5,10014,17.3,4497
1764781492,23.5,10014,17.3,4497
1764781500,23.5,10014,17.3,4497
1764781586,23.5,10014,17.3,4497
1764781646,23.5,10014,17.3,4497
1764781660,23.5,10014,17.3,4497
1764781677,23.5,10014,17.3,4497
1764781704,23.5,10014,17.3,4497
1764781706,23.5,10014,17.3,4497
1764781709,23.5,10014,17.3,4497
1764781727,23.5,10014,17.3,4497
1764781737,23.5,10014,17.3,4497
1764781742,23.5,10014,17.3,4497
1764781744,23.5,10014,17.3,4497
1764781747,23.5,10014,17.3,4497
1764781750,23.5,10014,17.3,4497
1764781756,23.5,10014,17.3,4497
1764781767,23.5,10014,17.3,4497
1764781778,23.5,10014,17.3,4497
1764781791,23.5,10014,17.3,4497
1764781793,23.5,10014,17.3,4497
1764781808,23.5,10014,17.3,4497
1764781820,23.5,10018,17.3,4498
1764781823,23.5,10018,17.3,4498
1764781830,23.5,10018,17.3,4498
1764781837,23.5,10018,17.3,4498
1764781856,23.5,10018,17.3,4498
1764781858,23.5,10018,17.3,4498
1764781862,23.5,10018,17.3,4498
1764781878,23.5,10027,17.3,4502
1764781883,23.5,10029,17.3,4503
1764781895,23.5,10029,17.3,4503
1764781904,23.5,10029,17.3,4503
1764781935,23.5,10029,17.3,4503
1764781940,23.5,10029,17.3,4503
1764781948,23.5,10036,17.3,4504
1764781951,23.5,10036,17.3,4504
1764781953,23.5,10036,17.3,4504
1764781956,23.5,10036,17.3,4504
1764781958,23.5,10036,17.3,4504
1764781960,23.5,10036,17.3,4504
1764781963,23.5,10036,17.3,4504
1764781967,23.5,10036,17.3,4504
1764781969,23.5,10036,17.3,4504
1764781971,23.5,10036,17.3,4504
1764781976,23.5,10036,17.3,4504
1764781986,23.5,10036,17.3,4504
1764781988,23.5,10036,17.3,4504
1764781992,23.5,10036,17.3,4504
1764781996,23.5,10036,17.3,4504
1764781998,23.5,10036,17.3,4504
1764782001,23.5,10036,17.3,4504
1764782005,23.5,10036,17.3,4504
1764782011,23.6,10045,17.3,4506
1764782014,23.6,10045,17.3,4506
1764782018,23.6,10045,17.3,4506
1764782020,23.6,10045,17.3,4506
1764782023,23.6,10045,17.3,4506
1764782025,23.6,10045,17.3,4506
1764782028,23.6,10045,17.3,4506
1764782033,23.6,10045,17.3,4506
1764782035,23.6,10045,17.3,4506
1764782038,23.6,10079,17.4,4523
1764782041,23.6,10079,17.4,4523
1764782045,24.2,10310,17.9,4642
1764782061,24.2,10310,17.9,4642
1764782072,24.2,10310,17.9,4642
1764782077,24.2,10310,17.9,4642
1764782086,24.2,10310,17.9,4642
1764782093,24.2,10310,17.9,4642
1764782099,24.2,10310,17.9,4642
1764782104,24.2,10310,17.9,4642
1764782107,24.2,10310,17.9,4642
1764782131,24.2,10313,17.9,4643
1764782134,24.2,10313,17.9,4643
1764782143,24.2,10313,17.9,4644
1764782152,24.2,10313,17.9,4644
1764782156,24.2,10313,17.9,4644
1764782159,24.2,10313,17.9,4644
1764782170,24.2,10332,17.9,4653
1764782173,24.4,10388,18.0,4669
1764782190,24.4,10388,18.0,4669
1764782193,24.4,10388,18.0,4669
1764782196,24.4,10389,18.0,4670
1764782201,24.4,10389,18.0,4670
1764782204,24.4,10389,18.0,4670
1764782209,24.4,10389,18.0,4670
1764782212,24.4,10389,18.0,4670
1764782215,24.4,10389,18.0,4670
1764782219,24.4,10389,18.0,4670
1764782225,24.4,10389,18.0,4670
1764782232,24.4,10389,18.0,4670
1764782235,24.4,10389,18.0,4670
1764782243,24.4,10389,18.0,4670
1764782257,24.4,10389,18.0,4670
1764782260,24.4,10391,18.0,4671
1764782267,24.4,10391,18.0,4671
1764782273,24.4,10391,18.0,4671
1764782282,24.4,10391,18.0,4671
1764782291,24.4,10391,18.0,4671
1764782293,24.4,10391,18.0,4671
1764782298,24.4,10391,18.0,4671
1764782305,24.4,10391,18.0,4671
1764782315,24.4,10391,18.0,4671
1764782320,24.4,10391,18.0,4671
1764782330,24.4,10391,18.0,4671
1764782333,24.4,10391,18.0,4671
1764782338,24.4,10391,18.0,4671
1764782349,24.4,10391,18.0,4671
1764782361,24.4,10391,18.0,4671
1764782368,24.4,10391,18.0,4671
1764782375,24.4,10391,18.0,4671
1764782381,24.4,10391,18.0,4671
1764782388,24.4,10391,18.0,4671
1764782392,24.4,10391,18.0,4671
1764782394,24.4,10391,18.0,4672
1764782398,24.4,10391,18.0,4672
1764782409,24.4,10391,18.0,4672
1764782413,24.4,10391,18.0,4672
1764782415,24.4,10391,18.0,4672
1764782422,24.4,10391,18.0,4672
1764782425,24.4,10391,18.0,4672
1764782433,24.4,10391,18.0,4672
1764782436,24.4,10391,18.0,4672
1764782439,24.4,10391,18.0,4672
1764782446,24.4,10391,18.0,4672
1764782449,24.5,10430,18.0,4687
1764782457,24.5,10430,18.0,4687
1764782461,24.5,10430,18.0,4687
1764782475,24.5,10432,18.0,4688
1764782483,24.5,10432,18.0,4688
1764782487,24.5,10432,18.0,4688
1764782491,24.5,10432,18.0,4688
1764782493,24.5,10432,18.0,4689
1764782497,24.5,10432,18.0,4689
1764782503,24.5,10432,18.0,4689
1764782507,24.5,10432,18.0,4689
1764782509,24.5,10438,18.0,4692
1764782513,24.5,10442,18.1,4696
1764782515,24.5,10442,18.1,4696
1764782521,24.5,10442,18.1,4697
1764782524,24.5,10446,18.1,4699
1764782534,24.5,10446,18.1,4699
1764782548,24.5,10446,18.1,4699
1764782550,24.5,10446,18.1,4700
1764782567,24.5,10447,18.1,4705
1764782574,24.5,10447,18.1,4705
1764782579,24.5,10452,18.1,4706
1764782583,24.5,10452,18.1,4706
1764782587,24.5,10452,18.1,4706
1764782591,24.5,10452,18.1,4706
1764782593,24.5,10452,18.1,4707
1764782608,24.5,10452,18.1,4707
1764782614,24.5,10452,18.1,4707
1764782622,24.5,10452,18.1,4707
1764782631,24.5,10452,18.1,4707
1764782634,24.5,10452,18.1,4707
1764782645,24.5,10452,18.1,4707
1764782663,24.5,10452,18.1,4707
1764782763,24.5,10452,18.1,4707
1764782769,24.5,10452,18.1,4707
1764782856,24.5,10452,18.1,4707
1764782900,24.5,10452,18.1,4707
1764782917,24.5,10452,18.1,4707
1764782921,24.5,10452,18.1,4707
1764782926,24.5,10452,18.1,4707
1764782931,24.5,10452,18.1,4707
1764782936,24.5,10452,18.1,4707
1764782940,24.5,10452,18.1,4707
1764782949,24.5,10452,18.1,4707
1764782955,24.5,10452,18.1,4707
1764782978,24.5,10452,18.1,4707
1764782992,24.5,10452,18.1,4707
1764783002,24.5,10452,18.1,4707
1764783017,24.5,10452,18.1,4707
1764783021,24.5,10458,18.1,4710
1764783047,24.5,10458,18.1,4710
1764783059,24.5,10458,18.1,4710
1764783077,24.5,10458,18.1,4710
1764783086,24.6,10473,18.1,4715
1764783093,24.6,10473,18.1,4715
1764783098,24.6,10473,18.1,4715
1764783106,24.6,10473,18.1,4715
1764783133,24.6,10473,18.1,4715
1764783161,24.6,10474,18.1,4717
1764783166,24.6,10474,18.1,4717
1764783178,24.6,10478,18.1,4718
1764783279,24.6,10478,18.1,4718
1764783281,24.6,10478,18.1,4718
1764783284,24.6,10478,18.1,4718
1764783294,24.6,10478,18.1,4718
1764783330,24.6,10478,18.1,4718
1764783366,24.6,10478,18.1,4718
1764783372,24.6,10478,18.1,4718
1764783402,24.6,10478,18.1,4718
1764783437,24.6,10478,18.1,4718
1764783440,24.6,10478,18.1,4718
1764783455,24.6,10478,18.1,4718
1764783458,24.6,10478,18.1,4718
1764783463,24.6,10478,18.1,4718
1764783466,24.6,10478,18.1,4718
1764783472,24.6,10478,18.1,4718
1764783497,24.6,10478,18.1,4718
1764783504,24.6,10478,18.1,4718
1764783507,24.6,10478,18.1,4718
1764783524,24.6,10478,18.1,4718
1764783545,24.6,10478,18.1,4718
1764783558,24.6,10478,18.1,4718
1764783579,24.6,10478,18.1,4718
1764783589,24.6,10478,18.1,4718
1764783592,24.6,10478,18.1,4718
1764783639,24.6,10478,18.1,4718
1764783765,24.6,10478,18.1,4718
1764783784,24.6,10478,18.1,4718
1764783794,24.6,10478,18.1,4718
1764783807,24.6,10478,18.1,4718
1764783820,24.6,10478,18.1,4718
1764783836,24.6,10478,18.1,4718
1764783845,24.6,10478,18.1,4718
1764783856,24.6,10478,18.1,4718
1764783868,24.6,10478,18.1,4718
1764783886,24.6,10478,18.1,4718
1764783900,24.6,10478,18.1,4718
1764783912,24.6,10478,18.1,4718
1764783914,24.6,10478,18.1,4718
1764783920,24.6,10478,18.1,4718
1764783932,24.6,10478,18.1,4718
1764783935,24.6,10478,18.1,4718
1764783953,24.6,10478,18.1,4718
1764783960,24.6,10478,18.1,4718
1764783983,24.6,10478,18.1,4718
1764783999,24.6,10478,18.1,4718
1764784019,24.6,10478,18.1,4718
1764784032,24.6,10478,18.1,4718
1764784040,24.6,10478,18.1,4718
1764784053,24.6,10478,18.2,4721
1764784064,24.6,10478,18.2,4721
1764784079,24.6,10480,18.2,4722
1764784089,24.6,10480,18.2,4722
1764784101,24.6,10480,18.2,4722
1764784104,24.6,10480,18.2,4722
1764784124,24.6,10480,18.2,4722
1764784150,24.6,10480,18.2,4722
1764784162,24.6,10480,18.2,4722
1764784176,24.6,10480,18.2,4722
1764784190,24.6,10480,18.2,4722
1764784201,24.6,10480,18.2,4722
1764784220,24.6,10480,18.2,4722
1764784233,24.6,10480,18.2,4722
1764784249,24.6,10480,18.2,4722
1764784280,24.6,10480,18.2,4722
1764784301,24.6,10480,18.2,4722
1764784305,24.6,10480,18.2,4722
1764784309,24.6,10480,18.2,4722
1764784317,24.6,10480,18.2,4722
1764784392,24.6,10480,18.2,4722
1764784475,24.6,10480,18.2,4722
1764784484,24.6,10480,18.2,4722
1764784494,24.6,10480,18.2,4722
1764784499,24.6,10480,18.2,4722
1764784504,24.6,10480,18.2,4722
1764784521,24.6,10480,18.2,4722
1764784557,24.6,10480,18.2,4722
1764784562,24.6,10480,18.2,4722
1764784597,24.6,10481,18.2,4723
1764784600,24.6,10481,18.2,4723
1764784614,24.6,10481,18.2,4723
1764784736,24.6,10483,18.2,4724
1764784742,24.6,10483,18.2,4724
1764784745,24.6,10483,18.2,4724
1764784751,24.6,10483,18.2,4724
1764784755,24.6,10483,18.2,4724
1764784759,24.6,10483,18.2,4724
1764784762,24.6,10483,18.2,4724
1764784775,24.6,10483,18.2,4724
1764784792,24.6,10483,18.2,4724
1764784797,24.6,10483,18.2,4724
1764784802,24.6,10483,18.2,4724
1764784805,24.6,10483,18.2,4724
1764784815,24.6,10483,18.2,4724
1764784828,24.6,10485,18.2,4726
1764784864,24.6,10485,18.2,4726
1764784882,24.6,10485,18.2,4726
1764784904,24.6,10485,18.2,4726
1764784909,24.6,10485,18.2,4726
1764784924,24.6,10485,18.2,4726
1764784931,24.6,10485,18.2,4726
1764784936,24.6,10485,18.2,4726
1764784939,24.6,10485,18.2,4726
1764784970,24.6,10485,18.2,4726
1764784976,24.6,10485,18.2,4726
1764784981,24.6,10507,18.2,4736
1764784986,24.6,10507,18.2,4736
1764784994,24.6,10507,18.2,4736
1764785006,24.6,10507,18.2,4736
1764785014,24.6,10507,18.2,4736
1764785026,24.6,10507,18.2,4736
1764785030,24.6,10507,18.2,4736
1764785037,24.6,10507,18.2,4736
1764785059,24.6,10507,18.2,4736
1764785064,24.7,10517,18.2,4737
1764785087,24.7,10517,18.2,4737
1764785093,24.7,10517,18.2,4737
1764785103,24.7,10517,18.2,4737
1764785124,24.7,10517,18.2,4737
1764785160,24.7,10517,18.2,4737
1764785173,24.7,10517,18.2,4737
1764785199,24.7,10517,18.2,4737
1764785255,24.7,10517,18.2,4737
1764785287,24.7,10517,18.2,4737
1764785302,24.7,10517,18.2,4737
1764785323,24.7,10517,18.2,4737
1764785333,24.7,10517,18.2,4737
1764785343,24.7,10517,18.2,4737
1764785354,24.7,10540,18.3,4758
1764785363,24.7,10540,18.3,4758
1764785373,24.7,10540,18.3,4758
1764785381,24.7,10540,18.3,4758
1764785444,24.7,10540,18.3,4758
1764785449,24.7,10540,18.3,4758
1764785453,24.7,10540,18.3,4758
1764785470,24.7,10540,18.3,4758
1764785548,24.7,10540,18.3,4758
1764785640,24.7,10540,18.3,4758
1764785693,24.7,10540,18.3,4758
1764785758,24.7,10540,18.3,4758
1764785773,24.7,10540,18.3,4758
1764785777,24.7,10540,18.3,4758
1764785781,24.7,10540,18.3,4758
1764785783,24.7,10540,18.3,4758
1764785788,24.7,10542,18.3,4759
1764785793,24.7,10547,18.3,4761
1764785798,24.7,10547,18.3,4761
1764785815,24.7,10551,18.3,4764
1764785819,24.7,10551,18.3,4764
1764785823,24.8,10562,18.4,4774
1764785837,24.8,10562,18.4,4774
1764785840,24.8,10562,18.4,4774
1764785849,24.8,10562,18.4,4774
1764785852,24.8,10562,18.4,4774
1764785871,24.8,10562,18.4,4774
1764785879,24.8,10562,18.4,4774
1764785900,24.8,10562,18.4,4774
1764785904,24.8,10562,18.4,4774
1764785909,24.8,10562,18.4,4774
1764785922,24.8,10562,18.4,4774
1764785924,24.8,10562,18.4,4774
1764785927,24.8,10562,18.4,4774
1764785933,24.8,10562,18.4,4774
1764785937,24.8,10562,18.4,4774
1764785946,24.8,10562,18.4,4774
1764785950,24.8,10562,18.4,4774
1764785953,24.8,10562,18.4,4774
1764785959,24.8,10562,18.4,4774
1764785963,24.8,10565,18.4,4776
1764785967,24.8,10565,18.4,4776
1764785972,24.8,10565,18.4,4776
1764785977,24.8,10565,18.4,4776
1764785983,24.8,10578,18.4,4782
1764785997,24.8,10578,18.4,4782
1764786037,24.8,10578,18.4,4782
1764786047,24.8,10578,18.4,4782
1764786054,24.8,10578,18.4,4782
1764786059,24.8,10578,18.4,4782
1764786068,24.8,10578,18.4,4782
1764786078,24.8,10578,18.4,4782
1764786086,24.8,10578,18.4,4782
1764786096,24.8,10578,18.4,4782
1764786102,24.8,10578,18.4,4782
1764786121,24.8,10582,18.4,4784
1764786129,24.8,10582,18.4,4784
1764786147,24.8,10582,18.4,4784
1764786153,24.8,10582,18.4,4784
1764786165,24.8,10582,18.4,4784
1764786173,24.8,10582,18.4,4784
1764786187,24.8,10582,18.4,4784
1764786327,24.8,10582,18.4,4784
1764786331,24.8,10582,18.4,4784
1764786343,24.8,10582,18.4,4784
1764786352,24.8,10582,18.4,4784
1764786436,24.8,10582,18.4,4784
1764786453,24.8,10582,18.4,4784
1764786457,24.8,10582,18.4,4784
1764786476,24.8,10582,18.4,4784
1764786489,24.8,10582,18.4,4784
1764786504,24.8,10582,18.4,4784
1764786512,24.8,10582,18.4,4784
1764786518,24.8,10582,18.4,4784
1764786529,24.8,10593,18.4,4787
1764786532,24.8,10594,18.4,4789
1764786535,24.8,10594,18.4,4789
1764786552,24.8,10594,18.4,4789
1764786557,24.8,10594,18.4,4789
1764786563,24.8,10594,18.4,4789
1764786572,24.8,10594,18.4,4789
1764786588,25.1,10700,18.6,4838
1764786611,25.1,10700,18.6,4838
1764786625,25.1,10700,18.6,4838
1764786643,25.1,10705,18.6,4839
1764786656,25.1,10705,18.6,4839
1764786679,25.1,10705,18.6,4839
1764786683,25.1,10714,18.6,4846
1764786686,25.1,10714,18.6,4846
1764786689,25.1,10714,18.6,4846
1764786713,25.1,10714,18.6,4846
1764786722,25.1,10714,18.6,4846
1764786727,25.1,10714,18.6,4846
1764786735,25.1,10714,18.6,4846
1764786757,25.1,10720,18.7,4850
1764786762,25.4,10819,18.9,4913
1764786783,25.4,10819,18.9,4913
1764786787,25.4,10819,18.9,4913
1764786800,25.4,10851,19.0,4929
1764786806,25.4,10851,19.0,4929
1764786812,25.4,10851,19.0,4929
1764786816,25.4,10851,19.0,4929
1764786830,25.4,10851,19.0,4929
1764786845,25.4,10853,19.0,4930
1764786853,25.5,10854,19.0,4931
1764786856,25.5,10854,19.0,4931
1764786867,25.5,10854,19.0,4931
1764786881,25.5,10884,19.0,4946
1764786891,25.5,10884,19.0,4946
1764786898,25.5,10884,19.0,4946
1764786901,25.5,10884,19.0,4946
1764786917,25.5,10884,19.0,4946
1764786950,25.5,10884,19.0,4946
1764787042,25.5,10884,19.0,4946
1764787104,25.5,10884,19.0,4946
1764787118,25.5,10884,19.0,4946
1764787135,25.5,10884,19.0,4946
1764787278,25.5,10884,19.0,4946
1764787291,25.5,10884,19.0,4946
1764787307,25.5,10884,19.0,4946
1764787337,25.5,10884,19.0,4946
1764787372,25.5,10884,19.0,4946
1764787405,25.5,10884,19.0,4946
1764787526,25.5,10884,19.0,4946
1764787538,25.5,10884,19.0,4946
1764787547,25.5,10884,19.0,4946
1764787576,25.5,10884,19.0,4946
1764787599,25.5,10884,19.0,4946
1764787625,25.5,10884,19.0,4946
1764787631,25.5,10884,19.0,4946
1764787648,25.5,10884,19.0,4946
1764787664,25.5,10884,19.0,4946
1764787687,25.5,10884,19.0,4946
1764787696,25.5,10884,19.0,4946
1764787700,25.5,10884,19.0,4946
1764787709,25.5,10884,19.0,4946
1764787744,25.5,10884,19.0,4946
1764787776,25.5,10885,19.0,4947
1764787781,25.5,10890,19.0,4948
1764787792,25.5,10890,19.0,4948
1764787804,25.5,10890,19.0,4949
1764787811,25.5,10890,19.0,4949
1764787833,25.5,10890,19.0,4950
1764787840,25.5,10890,19.0,4950
1764787850,25.5,10890,19.0,4950
1764787855,25.5,10890,19.0,4950
1764787877,25.5,10890,19.0,4950
1764787893,25.5,10890,19.0,4950
1764787913,25.5,10890,19.0,4950
1764787938,25.5,10890,19.0,4950
1764787979,25.5,10896,19.0,4951
1764787984,25.5,10896,19.0,4951
1764787987,25.5,10896,19.0,4951
1764787997,25.5,10896,19.0,4951
1764788001,25.5,10896,19.0,4951
1764788062,25.5,10896,19.0,4951
1764788164,25.5,10896,19.0,4951
1764788183,25.5,10896,19.0,4951
1764788185,25.5,10896,19.0,4951
1764788218,25.5,10896,19.0,4951
1764788313,25.5,10896,19.0,4951
1764788327,25.5,10896,19.0,4951
1764788339,25.5,10896,19.0,4951
1764788351,25.5,10896,19.0,4951
1764788363,25.5,10896,19.0,4951
1764788365,25.5,10896,19.0,4951
1764788378,25.5,10896,19.0,4951
1764788381,25.6,10924,19.1,4967
1764788384,25.7,10950,19.1,4978
1764788394,25.7,10950,19.1,4978
1764788402,25.7,10950,19.1,4978
1764788405,25.7,10950,19.1,4978
1764788411,25.7,10950,19.1,4978
1764788421,25.7,10959,19.2,4985
1764788446,25.7,10959,19.2,4985
1764788527,25.7,10959,19.2,4985
1764788537,25.7,10959,19.2,4985
1764788547,25.7,10959,19.2,4985
1764788571,25.7,10959,19.2,4985
1764788576,25.7,10959,19.2,4985
1764788650,25.7,10959,19.2,4985
1764788671,25.7,10959,19.2,4985
1764788721,25.7,10959,19.2,4985
1764788763,25.7,10959,19.2,4985
1764788768,25.7,10959,19.2,4985
1764788773,25.7,10959,19.2,4985
1764788778,25.7,10959,19.2,4985
1764788782,25.7,10959,19.2,4985
1764788787,25.7,10959,19.2,4985
1764788799,25.7,10959,19.2,4985
1764788806,25.7,10959,19.2,4985
1764788815,25.7,10959,19.2,4985
1764788825,25.7,10959,19.2,4985
1764788849,25.7,10959,19.2,4985
1764788854,25.7,10959,19.2,4985
1764788866,25.7,10959,19.2,4985
1764788871,25.7,10959,19.2,4985
1764788880,25.7,10959,19.2,4985
1764788888,25.7,10968,19.2,4993
1764788893,25.7,10968,19.2,4993
1764788910,25.7,10968,19.2,4993
1764788915,25.7,10968,19.2,4993
1764788919,25.7,10968,19.2,4993
1764788927,25.7,10968,19.2,4993
1764788934,25.7,10968,19.2,4993
1764788952,25.7,10968,19.2,4993
1764788989,25.7,10968,19.2,4993
1764789019,25.7,10968,19.2,4993
1764789029,25.7,10968,19.2,4993
1764789037,25.7,10968,19.2,4993
1764789059,25.7,10968,19.2,4993
1764789072,25.7,10968,19.2,4993
1764789078,25.7,10970,19.2,4995
1764789114,25.7,10970,19.2,4995
1764789148,25.7,10970,19.2,4995
1764789154,25.7,10970,19.2,4995
1764789158,25.7,10970,19.2,4995
1764789163,25.7,10970,19.2,4995
1764789167,25.7,10970,19.2,4995
1764789172,25.7,10970,19.2,4995
1764789183,25.7,10970,19.2,4995
1764789209,25.7,10970,19.2,4995
1764789228,25.7,10970,19.2,4995
1764789236,25.7,10970,19.2,4995
1764789255,25.7,10970,19.2,4995
1764789273,25.7,10971,19.2,4996
1764789285,25.7,10971,19.2,4996
1764789293,25.7,10971,19.2,4997
1764789300,25.7,10975,19.3,5006
1764789329,25.7,10975,19.3,5006
1764789345,25.7,10975,19.3,5006
1764789352,25.7,10975,19.3,5006
1764789384,25.7,10975,19.3,5006
1764789402,25.7,10975,19.3,5006
1764789444,25.7,10975,19.3,5007
1764789637,25.7,10975,19.3,5007
1764789648,25.7,10975,19.3,5007
1764789664,25.7,10975,19.3,5007
1764789698,25.7,10975,19.3,5007
1764789722,25.7,10975,19.3,5007
1764789791,25.7,10975,19.3,5007
1764789824,25.7,10975,19.3,5007
1764789868,25.7,10975,19.3,5007
1764789883,25.7,10975,19.3,5007
1764789972,25.7,10975,19.3,5007
1764789984,25.7,10975,19.3,5007
1764789988,25.7,10975,19.3,5007
1764789994,25.8,10999,19.3,5016
1764790003,25.8,10999,19.3,5016
1764790008,25.8,10999,19.3,5016
1764790028,25.8,10999,19.3,5016
1764790051,25.8,10999,19.3,5016
1764790222,25.8,10999,19.3,5016
1764790400,25.8,10999,19.3,5016
1764790413,25.8,10999,19.3,5016
1764790424,25.8,10999,19.3,5017
1764790437,25.8,10999,19.3,5017
1764790450,25.8,10999,19.3,5017
1764790461,25.8,10999,19.3,5017
1764790472,25.8,10999,19.3,5017
1764790508,25.8,10999,19.3,5017
1764790548,25.8,10999,19.3,5017
1764790570,25.8,10999,19.3,5017
1764790583,25.8,10999,19.3,5017
1764790607,25.8,10999,19.3,5017
1764790623,25.8,10999,19.3,5017
1764790646,25.8,10999,19.3,5017
1764790683,25.8,10999,19.3,5017
1764790754,25.8,10999,19.3,5017
1764790779,25.8,10999,19.3,5017
1764790850,25.8,10999,19.3,5017
1764790878,25.8,10999,19.3,5017
1764790953,25.8,10999,19.3,5017
1764790974,25.8,10999,19.3,5017
1764790986,25.8,10999,19.3,5017
1764791019,25.8,10999,19.3,5017
1764791074,25.8,10999,19.3,5017
1764791147,25.8,10999,19.3,5017
1764791162,25.8,10999,19.3,5017
1764791169,25.8,10999,19.3,5017
1764791187,25.8,10999,19.3,5017
1764791207,25.8,10999,19.3,5017
1764791285,25.8,10999,19.3,5017
1764791464,25.8,10999,19.3,5017
1764791487,25.8,10999,19.3,5017
1764791566,25.8,11002,19.3,5021
1764791715,25.8,11002,19.3,5021
1764791728,25.8,11002,19.3,5021
1764791756,25.8,11002,19.3,5021
1764791832,25.8,11002,19.3,5021
1764791837,25.8,11002,19.3,5021
1764791850,25.8,11002,19.3,5021
1764791858,25.8,11002,19.3,5021
1764791872,25.8,11002,19.3,5021
1764791906,25.8,11002,19.3,5021
1764791921,25.8,11002,19.3,5021
1764791935,25.8,11002,19.3,5021
1764791969,25.8,11002,19.3,5021
1764791971,25.8,11002,19.3,5021
1764791993,25.8,11002,19.3,5021
1764792018,25.8,11002,19.3,5021
1764792076,25.8,11002,19.3,5021
1764792180,25.8,11002,19.3,5021
1764792241,25.8,11002,19.3,5021
1764792259,25.8,11002,19.3,5021
1764792278,25.8,11002,19.3,5021
1764792285,25.8,11002,19.3,5021
1764792294,25.8,11002,19.3,5021
1764792319,25.8,11002,19.3,5021
1764792326,25.8,11002,19.3,5021
1764792346,25.8,11008,19.3,5023
1764792352,25.8,11008,19.3,5023
1764792379,25.8,11008,19.3,5023
1764792399,25.8,11008,19.3,5023
1764792426,25.8,11008,19.3,5023
1764792455,25.8,11008,19.3,5023
1764792468,25.8,11008,19.3,5023
1764792500,25.8,11008,19.3,5023
1764792527,25.8,11008,19.3,5023
1764792568,25.8,11008,19.3,5023
1764792598,25.8,11008,19.3,5023
1764792631,25.8,11008,19.3,5023
1764792658,25.8,11008,19.3,5023
1764792694,25.8,11008,19.3,5023
1764792719,25.8,11008,19.3,5023
1764792749,25.8,11008,19.3,5023
1764792769,25.8,11008,19.3,5023
1764792803,25.8,11008,19.3,5023
1764792825,25.8,11008,19.3,5023
1764792836,25.8,11008,19.3,5023
1764792900,25.8,11008,19.3,5023
1764792909,25.8,11008,19.3,5023
1764792928,25.8,11008,19.3,5023
1764792996,25.8,11008,19.3,5023
1764793064,25.8,11008,19.3,5023
1764793076,25.8,11008,19.3,5023
1764793254,25.8,11008,19.3,5023
1764793325,25.8,11008,19.3,5023
1764793359,25.8,11008,19.3,5023
1764793543,25.8,11008,19.3,5023
1764793777,25.8,11008,19.3,5023
1764793854,25.8,11008,19.3,5023
1764793898,25.8,11008,19.3,5023
1764793902,25.8,11008,19.3,5023
1764793916,25.8,11008,19.3,5023
1764793925,25.8,11014,19.3,5030
1764793948,25.8,11014,19.3,5030
1764794001,25.8,11014,19.3,5030
1764794034,25.8,11014,19.3,5030
1764794044,25.8,11014,19.3,5030
1764794071,25.8,11014,19.3,5030
1764794117,25.8,11015,19.4,5031
1764794197,25.8,11015,19.4,5031
1764794280,25.8,11015,19.4,5031
1764794302,25.8,11015,19.4,5031
1764794309,25.8,11015,19.4,5031
1764794341,25.8,11015,19.4,5031
1764794350,25.8,11015,19.4,5031
1764794357,25.8,11015,19.4,5031
1764794367,25.8,11015,19.4,5031
1764794402,25.8,11015,19.4,5031
1764794411,25.9,11032,19.4,5039
1764794433,25.9,11032,19.4,5039
1764794453,25.9,11032,19.4,5039
1764794466,25.9,11032,19.4,5039
1764794474,25.9,11032,19.4,5039
1764794587,25.9,11032,19.4,5039
1764794616,25.9,11032,19.4,5039
1764794721,25.9,11032,19.4,5039
1764794734,25.9,11032,19.4,5039
1764794739,25.9,11032,19.4,5039
1764794746,25.9,11032,19.4,5039
1764794753,25.9,11032,19.4,5039
1764794770,25.9,11032,19.4,5039
1764794794,25.9,11032,19.4,5039
1764794805,25.9,11032,19.4,5039
1764794815,25.9,11032,19.4,5039
1764794827,25.9,11032,19.4,5039
1764794858,25.9,11032,19.4,5039
1764794892,25.9,11042,19.4,5046
1764794926,25.9,11042,19.4,5046
1764794955,25.9,11042,19.4,5046
1764794996,25.9,11042,19.4,5046
1764795002,25.9,11042,19.4,5046
1764795006,25.9,11042,19.4,5046
1764795017,25.9,11042,19.4,5046
1764795031,25.9,11042,19.4,5046
1764795311,25.9,11042,19.4,5046
1764795345,25.9,11042,19.4,5046
1764795385,25.9,11042,19.4,5046
1764795492,25.9,11042,19.4,5046
1764795585,25.9,11042,19.4,5046
1764795666,25.9,11042,19.4,5046
1764795719,25.9,11042,19.4,5046
1764795883,25.9,11042,19.4,5046
1764795984,25.9,11042,19.4,5046
1764796002,25.9,11042,19.4,5046
1764796018,25.9,11042,19.4,5046
1764796049,25.9,11042,19.4,5046
1764796063,25.9,11042,19.4,5046
1764796090,25.9,11042,19.4,5046
1764796120,25.9,11042,19.4,5046
1764796138,25.9,11042,19.4,5046
1764796151,25.9,11042,19.4,5046
1764796164,25.9,11042,19.4,5046
1764796179,25.9,11042,19.4,5046
1764796193,25.9,11042,19.4,5046
1764796402,25.9,11042,19.4,5046
1764796460,25.9,11042,19.4,5046
1764796542,25.9,11042,19.4,5046
1764796661,25.9,11042,19.4,5046
1764796668,25.9,11042,19.4,5046
1764796677,25.9,11042,19.4,5046
1764796704,25.9,11042,19.4,5046
1764796710,25.9,11042,19.4,5046
1764796717,25.9,11042,19.4,5046
1764796730,25.9,11042,19.4,5046
1764796740,25.9,11042,19.4,5046
1764796758,25.9,11042,19.4,5046
1764796769,25.9,11042,19.4,5046
1764796775,25.9,11042,19.4,5046
1764796785,25.9,11042,19.4,5046
1764796810,25.9,11042,19.4,5046
1764796825,25.9,11042,19.4,5046
1764796832,25.9,11047,19.4,5048
1764796841,25.9,11047,19.4,5048
1764796881,25.9,11047,19.4,5048
1764796897,25.9,11047,19.4,5048
1764796908,25.9,11047,19.4,5048
1764796917,25.9,11047,19.4,5048
1764796934,25.9,11047,19.4,5048
1764796941,25.9,11047,19.4,5048
1764796949,25.9,11047,19.4,5048
1764796961,25.9,11047,19.4,5048
1764796990,25.9,11047,19.4,5048
1764797069,25.9,11047,19.4,5048
1764797083,25.9,11047,19.4,5048
1764797157,25.9,11047,19.4,5048
1764797167,26.0,11073,19.5,5065
1764797199,26.0,11073,19.5,5065
1764797243,26.0,11073,19.5,5065
1764797246,26.0,11076,19.5,5066
1764797255,26.0,11076,19.5,5066
1764797264,26.0,11076,19.5,5066
1764797289,26.0,11076,19.5,5066
1764797297,26.0,11076,19.5,5066
1764797330,26.0,11076,19.5,5066
1764797451,26.0,11076,19.5,5066
1764797474,26.0,11076,19.5,5066
1764797493,26.0,11076,19.5,5066
1764797510,26.0,11076,19.5,5066
1764797514,26.0,11076,19.5,5066
1764797555,26.0,11076,19.5,5066
1764797622,26.0,11076,19.5,5066
1764797631,26.0,11076,19.5,5066
1764797637,26.0,11076,19.5,5066
1764797649,26.0,11076,19.5,5066
1764797666,26.0,11076,19.5,5066
1764797675,26.0,11076,19.5,5066
1764797688,26.0,11076,19.5,5066
1764797709,26.0,11076,19.5,5066
1764797729,26.0,11076,19.5,5066
1764797754,26.0,11076,19.5,5066
1764797772,26.0,11076,19.5,5066
1764797799,26.0,11076,19.5,5066
1764797818,26.0,11076,19.5,5066
1764797861,26.0,11076,19.5,5066
1764797873,26.0,11076,19.5,5066
1764797907,26.0,11076,19.5,5066
1764797921,26.0,11076,19.5,5066
1764797999,26.0,11076,19.5,5066
1764798010,26.8,11450,20.1,5225
1764798036,26.8,11450,20.1,5225
1764798046,26.8,11450,20.1,5225
1764798143,26.8,11450,20.1,5226
1764798157,26.8,11450,20.1,5226
1764798183,26.8,11450,20.1,5226
1764798210,26.8,11450,20.1,5226
1764798236,26.8,11450,20.1,5226
1764798266,26.8,11450,20.1,5226
1764798293,26.8,11450,20.1,5226
1764798307,26.8,11450,20.1,5226
1764798334,26.8,11450,20.1,5226
1764798366,26.8,11450,20.1,5226
1764798402,26.8,11450,20.1,5226
1764798428,26.8,11450,20.1,5226
1764798456,26.8,11450,20.1,5226
1764798488,26.8,11450,20.1,5226
1764798517,26.8,11450,20.1,5226
1764798562,26.8,11450,20.1,5226
1764798575,26.8,11450,20.1,5226
1764798591,26.9,11451,20.1,5228
1764798605,26.9,11451,20.1,5228
1764798622,26.9,11451,20.1,5228
1764798684,26.9,11451,20.1,5228
1764798695,26.9,11451,20.1,5228
1764798706,26.9,11451,20.1,5228
1764798716,26.9,11451,20.1,5228
1764798728,26.9,11451,20.1,5228
1764798754,26.9,11451,20.1,5228
1764798796,26.9,11451,20.1,5228
1764798817,26.9,11451,20.1,5228
1764798829,26.9,11451,20.1,5228
1764798843,26.9,11451,20.1,5228
1764798889,26.9,11451,20.1,5228
1764798918,26.9,11451,20.1,5228
1764799001,26.9,11451,20.1,5228
1764799053,26.9,11451,20.1,5228
1764799079,26.9,11451,20.1,5228
1764799129,26.9,11451,20.1,5228
1764799140,27.0,11512,20.2,5263
1764799149,27.0,11512,20.2,5263
1764799161,27.0,11512,20.2,5263
1764799170,27.0,11512,20.2,5263
1764799180,27.0,11512,20.2,5263
1764799197,27.0,11512,20.2,5263
1764799241,27.0,11512,20.2,5263
1764799256,27.0,11512,20.2,5263
1764799327,27.0,11520,20.3,5270
1764799421,27.0,11520,20.3,5270
1764799486,27.0,11524,20.3,5271
1764799590,27.0,11524,20.3,5271
1764799620,27.0,11524,20.3,5271
1764799638,27.0,11524,20.3,5271
1764799659,27.0,11524,20.3,5271
1764799671,27.0,11524,20.3,5271
1764799718,27.0,11524,20.3,5271
1764799743,27.0,11524,20.3,5271
1764799767,27.0,11524,20.3,5271
1764799791,27.0,11524,20.3,5271
1764799811,27.0,11524,20.3,5271
1764799836,27.0,11524,20.3,5271
1764799897,27.0,11524,20.3,5271
1764799909,27.0,11524,20.3,5271
1764799964,27.0,11524,20.3,5271
1764799978,27.0,11524,20.3,5271
1764799999,27.0,11524,20.3,5271
1764800056,27.0,11524,20.3,5271
1764800073,27.0,11524,20.3,5271
1764800141,27.0,11524,20.3,5271
1764800351,27.0,11524,20.3,5271
1764800366,27.0,11524,20.3,5271
1764800395,27.0,11524,20.3,5271
1764800446,27.0,11524,20.3,5271
1764800566,27.0,11524,20.3,5271
1764800573,27.0,11524,20.3,5271
1764800660,27.0,11524,20.3,5271
1764800688,27.0,11524,20.3,5271
1764800838,27.0,11524,20.3,5271
1764801053,27.0,11524,20.3,5271
1764801066,27.0,11524,20.3,5271
1764801103,27.0,11524,20.3,5271
1764801120,27.0,11524,20.3,5271
1764801146,27.0,11524,20.3,5271
1764801175,27.0,11524,20.3,5271
1764801230,27.0,11524,20.3,5271
1764801295,27.0,11524,20.3,5271
1764801375,27.0,11524,20.3,5271
1764801425,27.0,11524,20.3,5271
1764801474,27.0,11524,20.3,5271
1764801487,27.0,11524,20.3,5271
1764801498,27.0,11524,20.3,5271
1764801524,27.0,11524,20.3,5271
1764801535,27.0,11524,20.3,5271
1764801582,27.0,11524,20.3,5271
1764801637,27.0,11524,20.3,5271
1764801645,27.0,11524,20.3,5271
1764801709,27.0,11524,20.3,5271
1764801725,27.0,11524,20.3,5271
1764801909,27.0,11524,20.3,5271
1764801935,27.0,11524,20.3,5271
1764801962,27.0,11524,20.3,5271
1764802048,27.0,11524,20.3,5271
1764802181,27.0,11524,20.3,5271
1764802229,27.0,11524,20.3,5271
1764802247,27.0,11536,20.3,5278
1764802262,27.0,11536,20.3,5278
1764802274,27.0,11536,20.3,5278
1764802301,27.0,11536,20.3,5278
1764802313,27.0,11536,20.3,5278
1764802347,27.0,11536,20.3,5278
1764802374,27.1,11538,20.3,5280
1764802405,27.1,11538,20.3,5280
1764802543,27.1,11538,20.3,5280
1764802560,27.1,11538,20.3,5280
1764802609,27.1,11538,20.3,5280
1764802652,27.1,11538,20.3,5280
1764802753,27.1,11538,20.3,5280
1764802776,27.1,11538,20.3,5280
1764802899,27.1,11541,20.3,5281
1764802972,27.1,11541,20.3,5281
1764802975,27.1,11541,20.3,5281
1764802981,27.1,11552,20.3,5287
1764802989,27.1,11552,20.3,5287
1764802995,27.1,11552,20.3,5287
1764803010,27.1,11552,20.3,5287
1764803019,27.1,11552,20.3,5287
1764803025,27.1,11552,20.3,5287
1764803032,27.1,11552,20.3,5288
1764803041,27.1,11552,20.3,5288
1764803060,27.1,11552,20.3,5288
1764803065,27.1,11552,20.3,5288
1764803071,27.1,11552,20.3,5288
1764803083,27.1,11552,20.3,5288
1764803087,27.1,11552,20.3,5288
1764803108,27.1,11552,20.3,5288
1764803187,27.1,11552,20.3,5288
1764803207,27.1,11552,20.3,5288
1764803252,27.1,11552,20.3,5288
1764803258,27.1,11552,20.3,5288
1764803290,27.1,11552,20.3,5288
1764803318,27.1,11552,20.3,5288
1764803324,27.1,11552,20.3,5288
1764803363,27.1,11552,20.3,5288
1764803534,27.1,11552,20.3,5288
1764803542,27.1,11552,20.3,5288
1764803599,27.1,11552,20.3,5288
1764803612,27.1,11552,20.3,5288
1764803649,27.1,11552,20.3,5288
1764803790,27.1,11552,20.3,5288
1764803902,27.1,11552,20.3,5288
1764803973,27.1,11552,20.3,5288
1764804104,27.1,11552,20.3,5288
1764804107,27.1,11552,20.3,5288
1764804158,27.1,11552,20.3,5288
1764804179,27.1,11552,20.3,5288
1764804190,27.1,11552,20.3,5288
1764804255,27.1,11552,20.3,5288
1764804315,27.1,11552,20.3,5288
1764804422,27.1,11552,20.3,5288
1764804432,27.1,11552,20.3,5288
1764804470,27.1,11552,20.3,5288
1764804506,27.1,11552,20.3,5288
1764804550,27.1,11552,20.3,5288
1764804582,27.1,11552,20.3,5288
1764804612,27.1,11552,20.3,5288
1764804647,27.1,11552,20.3,5288
1764804687,27.1,11552,20.3,5288
1764804727,27.1,11552,20.3,5288
1764804830,27.1,11552,20.3,5288
1764804834,27.1,11552,20.3,5288
1764804914,27.1,11552,20.3,5288
1764804994,27.1,11552,20.3,5288
1764805091,27.1,11552,20.3,5288
1764805144,27.1,11552,20.3,5288
1764805189,27.1,11552,20.3,5288
1764805280,27.1,11552,20.3,5288
1764805286,27.1,11552,20.3,5288
1764805293,27.1,11552,20.3,5288
1764805316,27.1,11552,20.3,5288
1764805363,27.1,11552,20.3,5288
1764805381,27.1,11552,20.3,5288
1764805402,27.1,11552,20.3,5288
1764805420,27.1,11552,20.3,5288
1764805427,27.1,11552,20.3,5288
1764805439,27.1,11552,20.3,5288
1764805453,27.1,11552,20.3,5288
1764805508,27.1,11552,20.3,5288
1764805514,27.1,11552,20.3,5288
1764805558,27.1,11552,20.3,5288
1764805574,27.4,11695,20.6,5360
1764805656,27.4,11695,20.6,5360
1764805664,27.4,11695,20.6,5360
1764805735,27.4,11695,20.6,5360
1764805883,27.4,11695,20.6,5360
1764805919,27.4,11695,20.6,5360
1764806094,27.4,11695,20.6,5360
1764806218,27.4,11695,20.6,5360
1764806244,27.4,11695,20.6,5360
1764806288,27.4,11695,20.6,5360
1764806317,27.4,11695,20.6,5360
1764806347,27.4,11695,20.6,5360
1764806397,27.4,11695,20.6,5360
1764806434,27.4,11695,20.6,5360
1764806459,27.4,11695,20.6,5360
1764806490,27.4,11695,20.6,5360
1764806523,27.4,11695,20.6,5360
1764806582,27.4,11695,20.6,5360
1764806659,27.4,11695,20.6,5360
1764806675,27.4,11695,20.6,5360
1764806766,27.4,11695,20.6,5360
1764806807,27.4,11695,20.6,5360
1764806810,27.4,11695,20.6,5360
1764806978,27.4,11695,20.6,5360
1764807002,27.4,11695,20.6,5360
1764807073,27.4,11695,20.6,5360
1764807115,27.4,11695,20.6,5360
1764807125,27.4,11695,20.6,5360
1764807138,27.4,11695,20.6,5360
1764807182,27.4,11695,20.6,5360
1764807207,27.4,11695,20.6,5360
1764807210,27.4,11695,20.6,5360
1764807214,27.4,11695,20.6,5360
1764807220,27.4,11695,20.6,5360
1764807247,27.4,11695,20.6,5360
1764807254,27.4,11695,20.6,5360
1764807282,27.4,11699,20.6,5362
1764807312,27.4,11699,20.6,5362
1764807371,27.4,11699,20.6,5362
1764807391,27.4,11699,20.6,5362
1764807450,27.4,11699,20.6,5362
1764807460,27.4,11699,20.6,5362
1764807470,27.4,11699,20.6,5362
1764807491,27.4,11699,20.6,5362
1764807509,27.4,11699,20.6,5362
1764807569,27.4,11699,20.6,5362
1764807594,27.4,11704,20.6,5362
1764807600,27.4,11704,20.6,5362
1764807859,27.4,11704,20.6,5362
1764807869,27.4,11704,20.6,5362
1764807884,27.4,11704,20.6,5362
1764807903,27.4,11704,20.6,5362
1764807932,27.4,11704,20.6,5362
1764807968,27.4,11704,20.6,5362
1764807991,27.4,11704,20.6,5362
1764807998,27.4,11704,20.6,5362
1764808039,27.4,11704,20.6,5362
1764808115,27.4,11704,20.6,5362
1764808134,27.4,11704,20.6,5362
1764808144,27.4,11704,20.6,5362
1764808160,27.4,11704,20.6,5362
1764808180,27.4,11704,20.6,5362
1764808217,27.4,11704,20.6,5362
1764808236,27.4,11704,20.6,5362
1764808250,27.4,11704,20.6,5362
1764808272,27.4,11704,20.6,5362
1764808292,27.4,11704,20.6,5362
1764808304,27.4,11704,20.6,5362
1764808328,27.4,11704,20.6,5362
1764808343,27.4,11704,20.6,5362
1764808355,27.4,11704,20.6,5362
1764808360,27.4,11704,20.6,5362
1764808362,27.4,11704,20.6,5362
1764808373,27.4,11704,20.6,5362
1764808391,27.4,11704,20.6,5362
1764808406,27.4,11704,20.6,5362
1764808429,27.4,11704,20.6,5362
1764808519,27.4,11704,20.6,5362
1764808569,27.4,11704,20.6,5362
1764808677,27.4,11704,20.6,5362
1764808741,27.4,11704,20.6,5362
1764808820,27.4,11704,20.6,5362
1764808828,27.4,11704,20.6,5362
1764808942,27.4,11704,20.6,5362
1764808950,27.4,11704,20.6,5362
1764808972,27.4,11704,20.6,5362
1764808983,27.4,11704,20.6,5362
1764809031,27.4,11704,20.6,5362
1764809083,27.4,11704,20.6,5362
1764809126,27.4,11704,20.6,5362
1764809160,27.4,11704,20.6,5362
1764809198,27.4,11704,20.6,5362
1764809369,27.4,11704,20.6,5362
1764809374,27.4,11704,20.6,5362
1764809388,27.4,11704,20.6,5362
1764809397,27.4,11704,20.6,5362
1764809418,27.4,11704,20.6,5362
1764809575,27.4,11704,20.6,5362
1764809846,27.4,11704,20.6,5362
1764810049,27.4,11704,20.6,5362
1764810166,27.4,11704,20.6,5362
1764810193,27.4,11704,20.6,5362
1764810207,27.4,11704,20.6,5362
1764810222,27.4,11704,20.6,5362
1764810228,27.4,11704,20.6,5362
1764810234,27.4,11704,20.6,5362
1764810249,27.4,11704,20.6,5362
1764810266,27.4,11704,20.6,5362
1764810316,27.4,11704,20.6,5362
1764810332,27.4,11704,20.6,5362
1764810419,27.4,11704,20.6,5362
1764810435,27.4,11704,20.6,5362
1764810498,27.4,11704,20.6,5362
1764810534,27.4,11704,20.6,5362
1764810573,27.4,11704,20.6,5362
1764810600,27.4,11704,20.6,5362
1764810620,27.4,11704,20.6,5362
1764810653,27.4,11704,20.6,5362
1764810679,27.4,11704,20.6,5362
1764810719,27.4,11704,20.6,5362
1764810777,27.4,11704,20.6,5362
1764810809,27.4,11704,20.6,5362
1764810835,27.4,11704,20.6,5362
1764810885,27.4,11704,20.6,5362
1764810906,27.4,11704,20.6,5362
1764810920,27.4,11704,20.6,5362
1764810932,27.4,11704,20.6,5362
1764810948,27.4,11704,20.6,5362
1764810953,27.4,11704,20.6,5362
1764810965,27.4,11704,20.6,5362
1764810992,27.4,11704,20.6,5362
1764811030,27.4,11704,20.6,5362
1764811059,27.4,11704,20.6,5362
1764811093,27.4,11704,20.6,5362
1764811106,27.4,11704,20.6,5362
1764811121,27.4,11704,20.6,5362
1764811418,27.4,11704,20.6,5362
1764812466,27.4,11704,20.6,5362
1764812480,27.4,11704,20.6,5362
1764812504,27.4,11704,20.6,5362
1764812554,27.4,11704,20.6,5362
1764812575,27.4,11704,20.6,5362
1764812668,27.4,11704,20.6,5362
1764812683,27.4,11704,20.6,5362
1764812735,27.4,11704,20.6,5362
1764812840,27.4,11704,20.6,5362
1764812887,27.4,11704,20.6,5362
1764812968,27.4,11704,20.6,5362
1764813104,27.4,11704,20.6,5362
1764813225,27.4,11704,20.6,5362
1764813245,27.4,11704,20.6,5362
1764813279,27.4,11704,20.6,5362
1764813305,27.4,11704,20.6,5362
1764813332,27.4,11704,20.6,5362
1764813406,27.4,11704,20.6,5362
1764813453,27.4,11704,20.6,5362
1764813535,27.4,11704,20.6,5362
1764813602,27.4,11704,20.6,5362
1764813651,27.4,11704,20.6,5362
1764813727,27.5,11707,20.6,5364
1764813908,27.5,11707,20.6,5364
1764814029,27.5,11707,20.6,5364
1764814059,27.5,11707,20.6,5364
1764814238,27.5,11707,20.6,5364
1764814260,27.5,11707,20.6,5364
1764814299,27.5,11707,20.6,5364
1764814330,27.5,11707,20.6,5364
1764814350,27.5,11707,20.6,5364
1764814469,27.5,11707,20.6,5364
1764814636,27.5,11707,20.6,5364
1764814685,27.5,11743,20.7,5381
1764815013,27.5,11743,20.7,5381
1764815044,27.5,11743,20.7,5381
1764815047,27.5,11743,20.7,5381
1764815056,27.5,11743,20.7,5381
1764815061,27.5,11743,20.7,5381
1764815076,27.5,11743,20.7,5381
1764815086,27.5,11743,20.7,5381
1764815112,27.5,11743,20.7,5381
1764815115,27.5,11743,20.7,5381
1764815123,27.5,11743,20.7,5381
1764815261,27.5,11743,20.7,5381
1764815339,27.5,11743,20.7,5381
1764815936,27.5,11743,20.7,5381
1764815953,27.5,11743,20.7,5381
1764815994,27.5,11743,20.7,5381
1764816055,27.5,11743,20.7,5381
1764816126,27.5,11743,20.7,5381
1764816352,27.5,11743,20.7,5381
1764816356,27.5,11743,20.7,5381
1764816365,27.5,11743,20.7,5381
1764816406,27.5,11743,20.7,5381
1764816428,27.5,11743,20.7,5381
1764816463,27.5,11743,20.7,5381
1764816503,27.5,11743,20.7,5381
1764816552,27.5,11743,20.7,5381
1764816624,27.5,11743,20.7,5381
1764816671,27.5,11743,20.7,5381
1764816676,27.5,11743,20.7,5381
1764816815,27.5,11743,20.7,5381
1764816841,27.5,11743,20.7,5381
1764816864,27.5,11743,20.7,5381
1764816912,27.5,11743,20.7,5381
1764816950,27.5,11743,20.7,5381
1764817001,27.5,11743,20.7,5381
1764817029,27.5,11743,20.7,5381
1764817060,27.5,11743,20.7,5381
1764817090,27.5,11743,20.7,5381
1764817194,27.5,11743,20.7,5381
1764817244,27.5,11743,20.7,5381
1764817348,27.5,11743,20.7,5381
1764817439,27.5,11743,20.7,5381
1764817458,27.5,11743,20.7,5381
1764817481,27.5,11743,20.7,5381
1764817526,27.5,11743,20.7,5381
1764817556,27.5,11743,20.7,5381
1764817596,27.5,11743,20.7,5381
1764817629,27.5,11743,20.7,5381
1764817697,27.5,11743,20.7,5381
1764817808,27.5,11743,20.7,5381
1764817856,27.5,11743,20.7,5381
1764817882,27.5,11743,20.7,5381
1764817913,27.5,11743,20.7,5381
1764817987,27.5,11743,20.7,5381
1764818020,27.5,11743,20.7,5381
1764818056,27.5,11743,20.7,5381
1764818097,27.5,11743,20.7,5381
1764818151,27.5,11743,20.7,5381
1764818246,27.5,11743,20.7,5381
1764818380,27.5,11743,20.7,5381
1764818456,27.5,11743,20.7,5381
1764818495,27.5,11743,20.7,5381
1764818544,27.5,11743,20.7,5381
1764818574,27.5,11743,20.7,5381
1764818724,27.5,11743,20.7,5381
1764818729,27.5,11743,20.7,5381
1764818741,27.5,11743,20.7,5381
1764818812,27.5,11743,20.7,5381
1764818887,27.5,11743,20.7,5381
1764818961,27.5,11743,20.7,5381
1764819282,27.5,11743,20.7,5381
1764819347,27.5,11743,20.7,5381
1764819432,27.5,11743,20.7,5381
1764819512,27.5,11743,20.7,5381
1764819582,27.5,11743,20.7,5381
1764819603,27.5,11745,20.7,5382
1764819688,27.5,11745,20.7,5382
1764819739,27.5,11745,20.7,5382
1764819763,27.5,11745,20.7,5382
1764819813,27.5,11745,20.7,5382
1764819869,27.5,11745,20.7,5382
1764819946,27.5,11745,20.7,5382
1764819994,27.5,11745,20.7,5382
1764820058,27.5,11745,20.7,5382
1764820130,27.5,11745,20.7,5382
1764820181,27.5,11745,20.7,5382
1764820234,27.5,11745,20.7,5382
1764820293,27.5,11745,20.7,5382
1764820440,27.5,11745,20.7,5382
1764820470,27.5,11745,20.7,5382
1764820507,27.5,11745,20.7,5382
1764820518,27.5,11745,20.7,5382
1764820557,27.5,11745,20.7,5382
1764820588,27.5,11745,20.7,5382
1764820634,27.5,11745,20.7,5382
1764820669,27.5,11745,20.7,5382
1764820726,27.5,11745,20.7,5382
1764820753,27.5,11745,20.7,5382
1764820778,27.5,11745,20.7,5382
1764820807,27.5,11745,20.7,5382
1764820832,27.5,11745,20.7,5382
1764820857,27.5,11745,20.7,5382
1764820886,27.5,11745,20.7,5382
1764820991,27.5,11745,20.7,5382
1764821029,27.5,11745,20.7,5382
1764821057,27.5,11745,20.7,5382
1764821063,27.5,11745,20.7,5382
1764821096,27.5,11745,20.7,5382
1764821138,27.5,11745,20.7,5382
1764821177,27.5,11745,20.7,5382
1764821223,27.5,11745,20.7,5382
1764821251,27.5,11745,20.7,5382
1764821302,27.5,11745,20.7,5382
1764821336,27.5,11745,20.7,5382
1764821361,27.5,11745,20.7,5382
1764821419,27.5,11745,20.7,5382
1764821448,27.5,11745,20.7,5382
1764821473,27.5,11745,20.7,5382
1764821513,27.5,11745,20.7,5382
1764821569,27.5,11745,20.7,5382
1764821630,27.5,11745,20.7,5382
1764821661,27.5,11745,20.7,5382
1764821694,27.5,11745,20.7,5382
1764821752,27.5,11745,20.7,5382
1764821792,27.5,11745,20.7,5382
1764821831,27.5,11745,20.7,5382
1764821881,27.5,11745,20.7,5382
1764821929,27.5,11745,20.7,5382
1764821957,27.5,11745,20.7,5382
1764821999,27.5,11745,20.7,5382
1764822032,27.5,11745,20.7,5382
1764822067,27.5,11745,20.7,5382
1764822099,27.5,11745,20.7,5382
1764822123,27.5,11745,20.7,5382
1764822227,27.5,11745,20.7,5382
1764822468,27.5,11745,20.7,5382
1764822479,27.5,11745,20.7,5382
1764822506,27.5,11745,20.7,5382
1764822593,27.5,11745,20.7,5382
1764822620,27.5,11745,20.7,5382
1764822645,27.5,11745,20.7,5382
1764822656,27.5,11745,20.7,5382
1764822667,27.5,11745,20.7,5382
1764822712,27.5,11745,20.7,5382
1764822787,27.5,11745,20.7,5382
1764822810,27.5,11745,20.7,5382
1764823043,27.5,11745,20.7,5382
1764823052,27.5,11745,20.7,5382
1764823074,27.5,11745,20.7,5382
1764823163,27.5,11745,20.7,5382
1764823204,27.5,11745,20.7,5382
1764823253,27.5,11745,20.7,5382
1764823293,27.5,11745,20.7,5382
1764823348,27.5,11745,20.7,5382
1764823448,27.5,11745,20.7,5382
1764823522,27.5,11745,20.7,5382
1764823572,27.5,11745,20.7,5382
1764823652,27.5,11745,20.7,5382
1764823899,27.5,11745,20.7,5382
1764823976,27.5,11745,20.7,5382
1764824081,27.5,11745,20.7,5382
1764824113,27.5,11745,20.7,5382
1764824125,27.5,11745,20.7,5382
1764824132,27.5,11745,20.7,5382
1764824202,27.5,11745,20.7,5382
1764824244,27.5,11745,20.7,5382
1764824344,27.5,11745,20.7,5382
1764824484,27.5,11745,20.7,5382
1764824528,27.5,11745,20.7,5382
1764824774,27.5,11745,20.7,5382
1764824843,27.5,11745,20.7,5382
1764824853,27.5,11745,20.7,5382
1764824865,27.5,11745,20.7,5382
1764824875,27.5,11745,20.7,5382
1764824891,27.5,11745,20.7,5382
1764824896,27.5,11745,20.7,5382
1764824909,27.5,11745,20.7,5382
1764824912,27.5,11745,20.7,5382
1764824922,27.5,11745,20.7,5382
1764824954,27.5,11745,20.7,5382
1764824965,27.5,11745,20.7,5382
1764824976,27.5,11745,20.7,5382
1764824993,27.5,11745,20.7,5382
1764825011,27.5,11745,20.7,5382
1764825257,27.5,11745,20.7,5382
1764825298,27.6,11754,20.7,5385
1764825345,27.6,11754,20.7,5385
1764825646,27.6,11754,20.7,5385
1764825694,27.6,11754,20.7,5385
1764825806,27.6,11754,20.7,5385
1764825894,27.6,11754,20.7,5385
1764826097,27.6,11754,20.7,5385
1764826203,27.6,11754,20.7,5385
1764826244,27.6,11754,20.7,5385
1764826305,27.6,11754,20.7,5385
1764826528,27.6,11754,20.7,5385
1764826822,27.6,11754,20.7,5385
1764826828,27.6,11754,20.7,5385
1764826835,27.6,11754,20.7,5385
1764826848,27.6,11754,20.7,5387
1764827029,27.6,11754,20.7,5387
1764827150,27.6,11754,20.7,5387
1764827212,27.6,11754,20.7,5387
1764827400,27.6,11754,20.7,5387
1764827532,27.6,11754,20.7,5387
1764827646,27.6,11754,20.7,5387
1764827694,27.6,11754,20.7,5387
1764827708,27.6,11754,20.7,5387
1764827724,27.6,11754,20.7,5387
1764827929,27.6,11754,20.7,5387
1764827949,27.6,11754,20.7,5387
1764828041,27.6,11754,20.7,5387
1764828056,27.6,11754,20.7,5387
1764828064,27.6,11761,20.7,5388
1764828071,27.6,11761,20.7,5388
1764828349,27.6,11761,20.7,5388
1764828516,27.6,11761,20.7,5388
1764828624,27.6,11761,20.7,5388
1764828630,27.6,11761,20.7,5388
1764828657,27.6,11761,20.7,5388
1764828673,27.6,11761,20.7,5388
1764828726,27.6,11761,20.7,5388
1764828737,27.6,11761,20.7,5388
1764828750,27.6,11761,20.7,5388
1764828761,27.6,11761,20.7,5388
1764828770,27.6,11761,20.7,5388
1764828787,27.6,11761,20.7,5388
1764828792,27.6,11761,20.7,5388
1764828795,27.6,11761,20.7,5388
1764828798,27.6,11761,20.7,5388
1764828802,27.6,11761,20.7,5388
1764828818,27.6,11761,20.7,5388
1764828865,27.6,11761,20.7,5388
1764828890,27.6,11761,20.7,5388
1764828996,27.6,11761,20.7,5388
1764829017,27.6,11761,20.7,5388
1764829036,27.6,11761,20.7,5388
1764829485,27.6,11761,20.7,5388
1764829522,27.6,11761,20.7,5388
1764830242,27.6,11761,20.7,5388
1764830495,27.6,11761,20.7,5388
1764830599,27.6,11761,20.7,5388
1764830626,27.6,11761,20.7,5388
1764830663,27.6,11761,20.7,5388
1764830703,27.6,11761,20.7,5388
1764830732,27.6,11761,20.7,5388
1764830765,27.6,11761,20.7,5388
1764830789,27.6,11761,20.7,5388
1764830828,27.6,11761,20.7,5388
1764830914,27.6,11761,20.7,5388
1764830966,27.6,11761,20.7,5388
1764831005,27.6,11761,20.7,5388
1764831044,27.6,11761,20.7,5388
1764831087,27.6,11761,20.7,5388
1764831691,27.6,11761,20.7,5388
1764831936,27.6,11761,20.7,5388
1764832160,27.6,11761,20.7,5388
1764832209,27.6,11761,20.7,5388
1764832342,27.6,11761,20.7,5388
1764832385,27.6,11761,20.7,5388
1764832420,27.6,11761,20.7,5388
1764832434,27.6,11761,20.7,5388
1764832544,27.6,11761,20.7,5388
1764832618,27.6,11761,20.7,5388
1764832714,27.6,11761,20.7,5388
1764832770,27.6,11761,20.7,5388
1764832826,27.6,11761,20.7,5388
1764832920,27.6,11761,20.7,5388
1764832937,27.6,11761,20.7,5389
1764833021,27.6,11761,20.7,5389
1764833078,27.6,11761,20.7,5389
1764833218,27.6,11761,20.7,5389
1764833275,27.6,11761,20.7,5389
1764833290,27.6,11761,20.7,5389
1764833363,27.6,11761,20.7,5389
1764833435,27.6,11761,20.7,5389
1764833506,27.6,11761,20.7,5389
1764833665,27.6,11761,20.7,5389
1764833715,27.6,11761,20.7,5389
1764833719,27.6,11761,20.7,5389
1764833731,27.6,11761,20.7,5389
1764833753,27.6,11761,20.7,5389
1764833920,27.6,11761,20.7,5389
1764833962,27.6,11761,20.7,5389
1764833987,27.6,11761,20.7,5389
1764834102,27.6,11761,20.7,5389
1764834116,27.6,11761,20.7,5389
1764834650,27.6,11761,20.7,5389
1764834873,27.6,11761,20.7,5389
1764834921,27.6,11761,20.7,5389
1764834958,27.6,11761,20.7,5389
1764834967,27.6,11761,20.7,5389
1764835393,27.6,11761,20.7,5389
1764835650,27.6,11761,20.7,5389
1764835796,27.6,11761,20.7,5389
1764835802,27.6,11761,20.7,5389
1764835823,27.6,11761,20.7,5389
1764835832,27.6,11761,20.7,5389
1764835839,27.6,11761,20.7,5389
1764835852,27.6,11761,20.7,5389
1764835862,27.6,11761,20.7,5389
1764835872,27.6,11761,20.7,5389
1764835905,27.6,11761,20.7,5389
1764836008,27.6,11761,20.7,5389
1764836011,27.6,11761,20.7,5389
1764836186,27.6,11764,20.7,5391
1764836362,27.6,11764,20.7,5391
1764836384,27.6,11764,20.7,5391
1764836492,27.6,11764,20.7,5391
1764836643,27.6,11764,20.7,5391
1764836653,27.6,11764,20.7,5391
1764836730,27.6,11764,20.7,5391
1764836772,27.6,11764,20.7,5391
1764836784,27.6,11764,20.7,5391
1764837023,27.6,11764,20.7,5391
1764837088,27.6,11764,20.7,5391
1764837118,27.6,11764,20.7,5391
1764837157,27.6,11764,20.7,5391
1764837202,27.6,11764,20.7,5391
1764837235,27.6,11764,20.7,5391
1764837263,27.6,11764,20.7,5391
1764837321,27.6,11764,20.7,5391
1764837352,27.6,11764,20.7,5391
1764837390,27.6,11764,20.7,5391
1764837426,27.6,11764,20.7,5391
1764837491,27.6,11764,20.7,5391
1764837551,27.6,11764,20.7,5391
1764837581,27.6,11764,20.7,5391
1764837621,27.6,11764,20.7,5391
1764837649,27.6,11764,20.7,5391
1764837730,27.6,11764,20.7,5391
1764838022,27.6,11764,20.7,5391
1764838053,27.6,11764,20.7,5391
1764838082,27.6,11764,20.7,5391
1764838133,27.6,11764,20.7,5391
1764838174,27.6,11764,20.7,5391
1764838385,27.6,11764,20.7,5391
1764838447,27.6,11764,20.7,5391
1764838455,27.6,11764,20.7,5391
1764838654,27.6,11764,20.7,5391
1764838788,27.6,11764,20.7,5391
1764839321,27.6,11764,20.7,5391
1764839378,27.6,11764,20.7,5391
1764839946,27.6,11764,20.7,5391
1764839951,27.6,11764,20.7,5391
1764840098,27.6,11764,20.7,5391
1764840271,27.6,11764,20.7,5391
1764840499,27.6,11764,20.7,5391
1764840554,27.6,11764,20.7,5391
1764840591,27.6,11764,20.7,5391
1764840690,27.6,11764,20.7,5391
1764840787,27.6,11764,20.7,5391
1764840884,27.6,11764,20.7,5391
1764840918,27.6,11764,20.7,5391
1764840961,27.6,11764,20.7,5391
1764840989,27.6,11764,20.7,5391
1764841030,27.6,11764,20.7,5391
1764841060,27.6,11764,20.7,5391
1764841096,27.6,11764,20.7,5391
1764841124,27.6,11764,20.7,5391
1764841160,27.6,11764,20.7,5391
1764841208,27.6,11764,20.7,5391
1764841294,27.6,11764,20.7,5391
1764841345,27.6,11764,20.7,5391
1764841382,27.6,11764,20.7,5391
1764841497,27.6,11764,20.7,5391
1764841537,27.7,11816,20.8,5408
1764841550,27.7,11816,20.8,5408
1764842518,27.7,11816,20.8,5408
1764842555,27.7,11816,20.8,5408
1764842577,27.7,11816,20.8,5408
1764842605,27.7,11816,20.8,5408
1764842634,27.7,11816,20.8,5408
1764842710,27.7,11816,20.8,5408
1764842983,27.7,11816,20.8,5408
1764842998,27.7,11816,20.8,5408
1764843178,27.7,11816,20.8,5408
1764843264,27.7,11816,20.8,5408
1764843378,27.7,11816,20.8,5408
1764843432,27.7,11816,20.8,5408
1764843455,27.7,11816,20.8,5408
1764843492,27.7,11816,20.8,5408
1764843546,27.7,11816,20.8,5408
1764843588,27.7,11816,20.8,5408
1764843908,27.7,11816,20.8,5408
1764844037,27.7,11816,20.8,5408
1764844226,27.7,11816,20.8,5408
1764844800,27.7,11816,20.8,5408
1764845012,27.7,11816,20.8,5408
1764845085,27.7,11816,20.8,5408
1764845416,27.7,11816,20.8,5408
1764845446,27.7,11816,20.8,5408
1764845590,27.7,11816,20.8,5408
1764846119,27.7,11816,20.8,5408
1764846137,27.7,11816,20.8,5408
1764846156,27.7,11816,20.8,5408
1764846167,27.7,11816,20.8,5408
1764846175,27.7,11816,20.8,5408
1764846218,27.7,11816,20.8,5408
1764846230,27.7,11816,20.8,5408
1764846253,27.7,11816,20.8,5408
1764846341,27.7,11816,20.8,5408
1764846357,27.7,11816,20.8,5408
1764846405,27.7,11816,20.8,5408
1764846568,27.7,11816,20.8,5408
1764847010,27.7,11816,20.8,5408
1764847161,27.7,11816,20.8,5408
1764847319,27.7,11816,20.8,5408
1764847893,27.7,11816,20.8,5408
1764848237,27.7,11816,20.8,5408
1764848318,27.7,11816,20.8,5408
1764848325,27.7,11816,20.8,5408
1764848527,27.7,11816,20.8,5408
1764848611,27.7,11816,20.8,5408
1764848654,27.7,11816,20.8,5408
1764848689,27.7,11816,20.8,5408
1764848756,27.7,11816,20.8,5408
1764848825,27.7,11816,20.8,5408
1764848859,27.7,11816,20.8,5408
1764848934,27.7,11816,20.8,5408
1764848973,27.7,11816,20.8,5408
1764849023,27.7,11816,20.8,5408
1764849078,27.7,11816,20.8,5408
1764849156,27.7,11816,20.8,5408
1764849497,27.7,11816,20.8,5408
1764849845,27.7,11816,20.8,5408
1764849920,27.7,11816,20.8,5408
1764850328,27.7,11816,20.8,5408
1764850418,27.7,11816,20.8,5408
1764850458,27.7,11816,20.8,5408
1764850477,27.7,11816,20.8,5408
1764850520,27.7,11816,20.8,5408
1764850541,27.7,11816,20.8,5408
1764850584,27.7,11816,20.8,5408
1764850611,27.7,11816,20.8,5408
1764850644,27.7,11816,20.8,5408
1764850723,27.7,11816,20.8,5408
1764850882,27.7,11816,20.8,5409
1764851021,27.7,11816,20.8,5409
1764851054,27.7,11816,20.8,5409
1764851146,27.7,11816,20.8,5409
1764851793,27.7,11816,20.8,5409
1764852691,27.7,11816,20.8,5409
1764852774,27.7,11816,20.8,5409
1764852859,27.7,11816,20.8,5409
1764853116,27.7,11816,20.8,5409
1764853149,27.7,11816,20.8,5409
1764853222,27.7,11816,20.8,5409
1764853429,27.7,11816,20.8,5409
1764853657,27.7,11816,20.8,5409
1764854133,27.7,11816,20.8,5409
1764854140,27.7,11816,20.8,5409
1764854192,27.7,11816,20.8,5409
1764854246,27.7,11816,20.8,5409
1764854273,27.7,11816,20.8,5409
1764854403,27.7,11816,20.8,5409
1764854419,27.7,11816,20.8,5409
1764854548,27.7,11816,20.8,5409
1764855088,27.7,11816,20.8,5409
1764855658,27.7,11816,20.8,5409
1764855724,27.8,11841,20.9,5432
1764855729,27.8,11857,21.0,5459
1764855742,27.8,11857,21.0,5459
1764855750,27.8,11857,21.0,5459
1764855766,27.8,11857,21.0,5459
1764855925,27.8,11857,21.0,5459
1764856018,27.8,11857,21.0,5459
1764856097,27.8,11857,21.0,5459
1764856128,27.8,11857,21.0,5459
1764856203,27.8,11857,21.0,5459
1764856261,27.8,11857,21.0,5459
1764856297,27.8,11857,21.0,5459
1764856339,27.8,11857,21.0,5459
1764856361,27.8,11857,21.0,5459
1764856380,27.8,11857,21.0,5459
1764856483,27.8,11857,21.0,5459
1764856503,27.8,11857,21.0,5459
1764856552,27.8,11857,21.0,5459
1764856954,27.8,11857,21.0,5459
1764856975,27.8,11857,21.0,5459
1764857166,27.8,11857,21.0,5459
1764857280,27.8,11857,21.0,5459
1764857333,27.8,11857,21.0,5459
1764857359,27.8,11857,21.0,5459
1764857462,27.8,11857,21.0,5459
1764857496,27.8,11857,21.0,5459
1764857528,27.8,11857,21.0,5459
1764857572,27.8,11857,21.0,5459
1764857676,27.8,11857,21.0,5459
1764857719,27.8,11857,21.0,5459
1764857754,27.8,11857,21.0,5459
1764857782,27.8,11857,21.0,5459
1764857851,27.8,11857,21.0,5459
1764858422,27.8,11857,21.0,5459
1764858473,27.8,11857,21.0,5459
1764858507,27.8,11857,21.0,5459
1764858707,27.8,11857,21.0,5459
1764858724,27.8,11857,21.0,5459
1764858863,27.8,11857,21.0,5459
1764859015,27.8,11857,21.0,5459
1764859213,27.8,11857,21.0,5459
1764859259,27.8,11857,21.0,5459
1764859381,27.8,11857,21.0,5459
1764859392,27.8,11857,21.0,5459
1764859425,27.8,11857,21.0,5459
1764859439,27.8,11857,21.0,5459
1764859456,27.8,11864,21.0,5467
1764859476,27.8,11864,21.0,5467
1764859517,27.8,11864,21.0,5467
1764859524,27.8,11864,21.0,5467
1764859677,27.8,11864,21.0,5467
1764859685,27.8,11864,21.0,5467
1764859752,27.8,11864,21.0,5467
1764859971,27.8,11864,21.0,5467
1764860005,27.8,11864,21.0,5467
1764860094,27.8,11864,21.0,5467
1764860178,27.8,11864,21.0,5467
1764860207,27.8,11864,21.0,5467
1764860264,27.8,11864,21.0,5467
1764860386,27.8,11864,21.0,5467
1764860434,27.8,11864,21.0,5467
1764860493,27.8,11864,21.0,5467
1764860523,27.8,11864,21.0,5467
1764860713,27.8,11864,21.0,5467
1764860784,27.8,11864,21.0,5467
1764860852,27.8,11864,21.0,5467
1764860909,27.8,11864,21.0,5467
1764861016,27.8,11864,21.0,5467
1764861128,27.8,11864,21.0,5467
1764861132,27.8,11864,21.0,5467
1764861139,27.8,11864,21.0,5467
1764861146,27.8,11864,21.0,5467
1764861404,27.8,11864,21.0,5467
1764861520,27.8,11864,21.0,5467
1764861536,27.8,11864,21.0,5467
1764861698,27.8,11864,21.0,5467
1764861713,27.8,11864,21.0,5467
1764861887,27.8,11864,21.0,5467
1764861913,27.8,11864,21.0,5467
1764861935,27.8,11864,21.0,5467
1764861999,27.8,11864,21.0,5467
1764862046,27.8,11864,21.0,5467
1764862191,27.8,11864,21.0,5467
1764862214,27.8,11864,21.0,5467
1764862233,27.8,11864,21.0,5467
1764862332,27.8,11864,21.0,5467
1764862759,27.8,11864,21.0,5467
1764862910,27.8,11864,21.0,5467
1764862941,27.8,11864,21.0,5467
1764862990,27.8,11864,21.0,5467
1764863027,27.8,11864,21.0,5467
1764863116,27.8,11864,21.0,5467
1764863147,27.8,11864,21.0,5467
1764863183,27.8,11864,21.0,5467
1764863365,27.8,11864,21.0,5467
1764863653,27.8,11864,21.0,5467
1764863885,27.8,11864,21.0,5467
1764863927,27.8,11876,21.1,5478
